design_id,r,l,e,ROM,QRR,omega,width_r,thickness_r,width_l,thickness_l,pin_diameter_A,pin_diameter_B,pin_diameter_C,mass_crank,mass_rod,mass_slider,I_min_r,P_cr,N_max_comp,n_buck,buckling_passed
1,0.079,0.288,0.201,0.24979222709267482,1.587839150981423,3.1415926535897927,0.008,0.002,0.008,0.005,0.0029,0.0038,0.0026,0.0035631463049330078,0.03214999886921004,0.02194480338789809,8.333333333333336e-11,724.8546024221486,2.602347115542117,278.53878450459825,True
2,0.079,0.288,0.201,0.24979222709267482,1.587839150981423,3.1415926535897927,0.003,0.006,0.005,0.003,0.0024,0.0021,0.0013,0.003932518511313177,0.012040533653835318,0.022166200846974522,1.125e-11,97.85537132699005,2.4935366489224036,39.24360661363402,True
3,0.079,0.288,0.201,0.24979222709267482,1.587839150981423,3.1415926535897927,0.004,0.001,0.005,0.007,0.0033,0.0037,0.0012,0.0008637318585394603,0.028029540375830525,0.02217711788144575,1.429166666666667e-10,1243.1256431539848,2.580918451097253,481.6601790054551,True
4,0.079,0.288,0.201,0.24979222709267482,1.587839150981423,3.1415926535897927,0.005,0.005,0.009,0.005,0.0033,0.0027,0.0039,0.005500528313313139,0.036195996724397446,0.021575807622770702,9.375000000000001e-11,815.4614277249171,2.6227317694068226,310.92063520828447,True
5,0.079,0.288,0.201,0.24979222709267482,1.587839150981423,3.1415926535897927,0.009,0.001,0.006,0.006,0.0033,0.0013,0.0021,0.002006658741270399,0.028913263307670637,0.0220474235119276,1.08e-10,939.4115647391044,2.585144230278448,363.3884538186558,True
6,0.115,0.178,0.05,0.25037473298874435,1.6220430016026317,3.1415926535897927,0.005,0.003,0.005,0.008,0.0014,0.0033,0.0038,0.0048093246642268595,0.019745914426950215,0.021609432088942074,2.1333333333333335e-10,4857.757567442712,3.391798146731884,1432.2071530475157,True
7,0.115,0.178,0.05,0.25037473298874435,1.6220430016026317,3.1415926535897927,0.006,0.007,0.006,0.008,0.0024,0.0039,0.003,0.013474691701993792,0.023789805752722645,0.02184698675903592,2.56e-10,5829.309080931253,3.4138163257284533,1707.5637716646554,True
8,0.115,0.178,0.05,0.25037473298874435,1.6220430016026317,3.1415926535897927,0.009,0.008,0.007,0.005,0.0034,0.0024,0.0011,0.023296331140733425,0.017413583269735567,0.022187161553159272,7.291666666666669e-11,1660.3663560595207,3.383608095078506,490.70882602348104,True
9,0.115,0.178,0.05,0.25037473298874435,1.6220430016026317,3.1415926535897927,0.008,0.001,0.009,0.006,0.0028,0.0028,0.0011,0.00258563617989824,0.0268955350056425,0.022187161553159272,1.6199999999999998e-10,3688.8596527768086,3.431721224864006,1074.9298707743933,True
10,0.115,0.178,0.05,0.25037473298874435,1.6220430016026317,3.1415926535897927,0.007,0.005,0.004,0.002,0.0029,0.0017,0.0013,0.011289927510475164,0.003972079992848717,0.022166200846974522,2.666666666666667e-12,60.721969593033904,3.315270861712742,18.315839678228762,True
11,0.101,0.2,0.092,0.25003052321271674,1.7805179339198407,3.1415926535897927,0.002,0.001,0.008,0.004,0.0012,0.0014,0.0039,0.0005613644165595675,0.017877787614503263,0.021575807622770702,4.2666666666666674e-11,769.5659538342742,3.210204737676881,239.72488259150214,True
12,0.101,0.2,0.092,0.25003052321271674,1.7805179339198407,3.1415926535897927,0.007,0.005,0.005,0.003,0.0035,0.001,0.002,0.009901574293256277,0.008369798896586327,0.02206532744846041,1.125e-11,202.9128979836465,3.164618849836218,64.1192218121775,True
13,0.101,0.2,0.092,0.25003052321271674,1.7805179339198407,3.1415926535897927,0.009,0.003,0.006,0.005,0.0035,0.0023,0.0018,0.007683843129224833,0.01675784769596046,0.02209851523325293,6.25e-11,1127.293877686925,3.207616255502256,351.44287467467353,True
14,0.101,0.2,0.092,0.25003052321271674,1.7805179339198407,3.1415926535897927,0.005,0.001,0.008,0.005,0.0011,0.0016,0.0019,0.0014144335560086966,0.02236724189731255,0.02208235802223552,8.333333333333336e-11,1503.0585035825668,3.2361406257793783,464.46019422304204,True
15,0.101,0.2,0.092,0.25003052321271674,1.7805179339198407,3.1415926535897927,0.008,0.004,0.004,0.003,0.0022,0.0015,0.0026,0.009087614580479214,0.00668137051164856,0.02194480338789809,9e-12,162.33031838691718,3.1552832359643577,51.44714634066876,True
16,0.098,0.213,0.107,0.24987108329741842,1.735121449034624,3.1415926535897927,0.009,0.002,0.006,0.005,0.0018,0.003,0.003,0.004970566199228884,0.01781789337951796,0.02184698675903592,6.25e-11,993.8891116726621,3.0924367238920984,321.3935159914176,True
17,0.098,0.213,0.107,0.24987108329741842,1.735121449034624,3.1415926535897927,0.004,0.009,0.005,0.004,0.0023,0.0018,0.0027,0.009845383852728817,0.011875934901614404,0.021921659274819098,2.6666666666666668e-11,424.0593543136692,3.061771935974633,138.50128722232253,True
18,0.098,0.213,0.107,0.24987108329741842,1.735121449034624,3.1415926535897927,0.009,0.003,0.005,0.007,0.001,0.0017,0.0011,0.0074317306415441625,0.020798456222135168,0.022187161553159272,1.429166666666667e-10,2272.6931020248207,3.1099889231191633,730.7720889711154,True
19,0.098,0.213,0.107,0.24987108329741842,1.735121449034624,3.1415926535897927,0.008,0.003,0.004,0.008,0.0013,0.0033,0.0011,0.006609614223811198,0.018932838212637096,0.022187161553159272,1.706666666666667e-10,2713.979867607483,3.100226607651264,875.4133845924242,True
20,0.098,0.213,0.107,0.24987108329741842,1.735121449034624,3.1415926535897927,0.008,0.002,0.009,0.004,0.0028,0.0031,0.0033,0.004414055099390852,0.021458256634671918,0.021764453978433462,4.7999999999999996e-11,763.3068377646044,3.1110118201680237,245.35645696241,True
21,0.119,0.163,0.032,0.24997917678135495,1.5740496591138189,3.1415926535897927,0.008,0.005,0.005,0.004,0.0032,0.0013,0.0015,0.013352759778758291,0.009106229507346702,0.02214174668975898,2.6666666666666668e-11,724.1201718490291,3.4714215868046954,208.59470788610057,True
22,0.119,0.163,0.032,0.24997917678135495,1.5740496591138189,3.1415926535897927,0.007,0.007,0.007,0.003,0.0022,0.0033,0.0033,0.016344370066874694,0.00956593019353004,0.021764453978433462,1.575e-11,427.6834764983328,3.471159107356735,123.21056548283981,True
23,0.119,0.163,0.032,0.24997917678135495,1.5740496591138189,3.1415926535897927,0.008,0.001,0.005,0.007,0.0019,0.0012,0.0025,0.0026700057951840636,0.015922372206882796,0.02196707413821939,1.429166666666667e-10,3880.8315460033905,3.503107807954683,1107.8253250416647,True
24,0.119,0.163,0.032,0.24997917678135495,1.5740496591138189,3.1415926535897927,0.006,0.007,0.006,0.005,0.0031,0.0014,0.0013,0.013980315875635106,0.013666942824180033,0.022166200846974522,6.25e-11,1697.156652771162,3.4935505830427402,485.7970744745902,True
25,0.119,0.163,0.032,0.24997917678135495,1.5740496591138189,3.1415926535897927,0.008,0.006,0.004,0.008,0.0021,0.0022,0.0033,0.016045076917369408,0.014470360076428223,0.021764453978433462,1.706666666666667e-10,4634.369099833787,3.494784190082661,1326.0816255793386,True
26,0.112,0.204,0.072,0.2504168695650096,1.5411101521861799,3.1415926535897927,0.006,0.008,0.004,0.007,0.0029,0.0017,0.0025,0.015054812016760262,0.01590312962690621,0.02196707413821939,1.1433333333333335e-10,1982.1186725444852,3.237214738036781,612.2913779104279,True
27,0.112,0.204,0.072,0.2504168695650096,1.5411101521861799,3.1415926535897927,0.004,0.008,0.005,0.003,0.0021,0.0038,0.003,0.009896694240347868,0.008495042827196698,0.02184698675903592,1.125e-11,195.03354285240923,3.197470811638414,60.99619178461624,True
28,0.112,0.204,0.072,0.2504168695650096,1.5411101521861799,3.1415926535897927,0.002,0.006,0.006,0.004,0.0011,0.0013,0.0016,0.0037383607200401382,0.013670506082797837,0.02212820956701466,3.2e-11,554.7620774468529,3.226428805485587,171.94307108331176,True
29,0.112,0.204,0.072,0.2504168695650096,1.5411101521861799,3.1415926535897927,0.003,0.002,0.004,0.006,0.0018,0.002,0.0037,0.0018682362681713336,0.013569285192244844,0.021642183192355745,7.2e-11,1248.214674255419,3.222959759399735,387.2883211200547,True
30,0.112,0.204,0.072,0.2504168695650096,1.5411101521861799,3.1415926535897927,0.007,0.005,0.005,0.006,0.0036,0.0012,0.002,0.010973914703614366,0.017075773598971843,0.02206532744846041,9e-11,1560.2683428192738,3.243984516567244,480.9728082396448,True
31,0.092,0.279,0.169,0.2502226302837912,1.527305416544305,3.1415926535897927,0.009,0.001,0.005,0.002,0.0018,0.0038,0.003,0.00233329336610975,0.007748361884797801,0.02184698675903592,3.3333333333333335e-12,30.894947466400822,2.7125701759191623,11.389547721445393,True
32,0.092,0.279,0.169,0.2502226302837912,1.527305416544305,3.1415926535897927,0.006,0.004,0.006,0.008,0.0037,0.0028,0.0023,0.006167044998267631,0.03734068693982852,0.02200899555058889,2.56e-10,2372.731965419583,2.877539516859194,824.5697240708605,True
33,0.092,0.279,0.169,0.2502226302837912,1.527305416544305,3.1415926535897927,0.005,0.005,0.005,0.006,0.003,0.0039,0.0032,0.006369473595451654,0.023231263767248805,0.021792838268058643,9e-11,834.1635815928222,2.7981714836634772,298.11024322951863,True
34,0.092,0.279,0.169,0.2502226302837912,1.527305416544305,3.1415926535897927,0.006,0.003,0.005,0.003,0.0034,0.0039,0.0026,0.004610976592323191,0.011625916651600322,0.02194480338789809,1.125e-11,104.27044769910277,2.734578114374403,38.13035990853639,True
35,0.092,0.279,0.169,0.2502226302837912,1.527305416544305,3.1415926535897927,0.006,0.007,0.004,0.007,0.0019,0.0037,0.0011,0.010804437425106945,0.02167644666093026,0.022187161553159272,1.1433333333333335e-10,1059.6966980975485,2.791564572101703,379.60672974858966,True
36,0.102,0.185,0.079,0.2504571856529728,1.907026705379786,3.1415926535897927,0.003,0.009,0.005,0.005,0.0029,0.0025,0.0039,0.007570703294373327,0.012845620440247525,0.021575807622770702,5.208333333333334e-11,1097.9243999872658,3.2749676604464657,335.2474020575792,True
37,0.102,0.185,0.079,0.2504571856529728,1.907026705379786,3.1415926535897927,0.008,0.003,0.004,0.005,0.0021,0.0038,0.0016,0.006878792340130451,0.010250530413989184,0.02212820956701466,4.166666666666668e-11,878.3395199898129,3.2654546189046023,268.9792456170933,True
38,0.102,0.185,0.079,0.2504571856529728,1.907026705379786,3.1415926535897927,0.006,0.005,0.007,0.008,0.0028,0.0027,0.0012,0.008570975268450371,0.028951886862505934,0.02217711788144575,2.986666666666667e-10,6295.937679286978,3.3588185504189916,1874.4500736729583,True
39,0.102,0.185,0.079,0.2504571856529728,1.907026705379786,3.1415926535897927,0.008,0.008,0.007,0.004,0.0013,0.004,0.0021,0.018310332256326462,0.014459558661153846,0.0220474235119276,3.733333333333334e-11,786.9922099108722,3.285901693858998,239.50570748409098,True
40,0.102,0.185,0.079,0.2504571856529728,1.907026705379786,3.1415926535897927,0.009,0.007,0.004,0.007,0.0014,0.0038,0.0026,0.018068988888540683,0.014325470416894057,0.02194480338789809,1.1433333333333335e-10,2410.1636428520465,3.28460456562186,733.7758913440896,True
41,0.099,0.187,0.085,0.2502953407428976,1.9437407434150595,3.1415926535897927,0.006,0.004,0.002,0.006,0.0027,0.0012,0.0014,0.006659139431252968,0.006237146499357405,0.0221544104497456,3.6e-11,742.739310300745,3.1682715216080344,234.4304474017343,True
42,0.099,0.187,0.085,0.2502953407428976,1.9437407434150595,3.1415926535897927,0.009,0.007,0.008,0.007,0.0016,0.0013,0.0016,0.01752785664489621,0.029272939644896214,0.02212820956701466,2.286666666666667e-10,4717.770063576956,3.2844160578104216,1436.4106071025878,True
43,0.099,0.187,0.085,0.2502953407428976,1.9437407434150595,3.1415926535897927,0.005,0.003,0.007,0.002,0.0022,0.0033,0.0035,0.004139940028660583,0.007309319928934347,0.02170506531091,4.6666666666666675e-12,96.28102170565215,3.1709849274354944,30.363128147543282,True
44,0.099,0.187,0.085,0.2502953407428976,1.9437407434150595,3.1415926535897927,0.004,0.008,0.004,0.006,0.0021,0.003,0.0035,0.008799652108385408,0.012415095620983776,0.02170506531091,7.2e-11,1485.47862060149,3.1967641652235925,464.6819545718946,True
45,0.099,0.187,0.085,0.2502953407428976,1.9437407434150595,3.1415926535897927,0.006,0.005,0.004,0.006,0.0023,0.0025,0.0038,0.00833077742220207,0.012415759868148439,0.021609432088942074,7.2e-11,1485.47862060149,3.196193000017345,464.7649940392926,True
46,0.114,0.2,0.064,0.2499628965134077,1.5057197479918698,3.1415926535897927,0.008,0.006,0.005,0.007,0.0015,0.0037,0.0025,0.015350282964634419,0.0194568700657013,0.02196707413821939,1.429166666666667e-10,2577.7453336441017,3.310105476159134,778.7502096867248,True
47,0.114,0.2,0.064,0.2499628965134077,1.5057197479918698,3.1415926535897927,0.002,0.002,0.005,0.004,0.0011,0.0012,0.0015,0.001268895943460502,0.011162832914240946,0.02214174668975898,2.6666666666666668e-11,480.9787211464213,3.2682635641687057,147.166442272155,True
48,0.114,0.2,0.064,0.2499628965134077,1.5057197479918698,3.1415926535897927,0.002,0.009,0.009,0.003,0.0016,0.0014,0.0018,0.005690799007542117,0.01509803485244978,0.02209851523325293,2.0249999999999998e-11,365.24321637056363,3.288359315978473,111.07156526229042,True
49,0.114,0.2,0.064,0.2499628965134077,1.5057197479918698,3.1415926535897927,0.006,0.005,0.004,0.003,0.002,0.0012,0.0025,0.009581651332476538,0.006683344802949771,0.02196707413821939,9e-12,162.33031838691718,3.2440115687061426,50.03999367723026,True
50,0.114,0.2,0.064,0.2499628965134077,1.5057197479918698,3.1415926535897927,0.007,0.007,0.006,0.008,0.0021,0.002,0.001,0.0156797938361358,0.026800823724230205,0.022196331862115105,2.56e-10,4617.395723005644,3.3495142261538504,1378.526977718696,True
51,0.107,0.193,0.076,0.24996449076047664,1.7153350747645895,3.1415926535897927,0.009,0.005,0.009,0.003,0.0016,0.0039,0.004,0.013535729297446336,0.014578634612491847,0.021541309793841633,2.0249999999999998e-11,392.21801000892765,3.156282917476957,124.26579627483318,True
52,0.107,0.193,0.076,0.24996449076047664,1.7153350747645895,3.1415926535897927,0.006,0.005,0.006,0.006,0.0025,0.0011,0.0013,0.008992478922844665,0.01939754472004014,0.022166200846974522,1.08e-10,2091.829386714281,3.1858328260855298,656.6036264007413,True
53,0.107,0.193,0.076,0.24996449076047664,1.7153350747645895,3.1415926535897927,0.005,0.008,0.008,0.009,0.0025,0.0035,0.0031,0.011908855779651754,0.038861844527626255,0.021820349194926134,4.859999999999999e-10,9413.232240214264,3.288251220847948,2862.6864579364023,True
54,0.107,0.193,0.076,0.24996449076047664,1.7153350747645895,3.1415926535897927,0.006,0.004,0.007,0.002,0.0038,0.003,0.004,0.007161171769595598,0.0075386096552877545,0.021541309793841633,4.6666666666666675e-12,90.38768954938253,3.118501064108275,28.984338209686836,True
55,0.107,0.193,0.076,0.24996449076047664,1.7153350747645895,3.1415926535897927,0.009,0.008,0.006,0.006,0.0033,0.0012,0.0016,0.02165210874395168,0.019403150234538123,0.02212820956701466,1.08e-10,2091.829386714281,3.1856386792634903,656.643642711516,True
56,0.086,0.305,0.202,0.25017997723320556,1.502948673223037,3.1415926535897927,0.003,0.009,0.007,0.003,0.002,0.002,0.0021,0.006448074703614365,0.0178704916440582,0.0220474235119276,1.575e-11,122.15127424976303,2.656480182154642,45.98237738430537,True
57,0.086,0.305,0.202,0.25017997723320556,1.502948673223037,3.1415926535897927,0.004,0.004,0.006,0.004,0.0016,0.0028,0.0033,0.003832306273199412,0.020389515155483172,0.021764453978433462,3.2e-11,248.18036672967725,2.668770810828377,92.99426002513978,True
58,0.086,0.305,0.202,0.25017997723320556,1.502948673223037,3.1415926535897927,0.005,0.007,0.003,0.002,0.0025,0.0015,0.0013,0.008432487289792427,0.0050935467536733494,0.022166200846974522,2e-12,15.511272920604828,2.587682475407569,5.9942721211039425,True
59,0.086,0.305,0.202,0.25017997723320556,1.502948673223037,3.1415926535897927,0.005,0.008,0.006,0.003,0.0025,0.0015,0.0021,0.009637128331191347,0.015308647530252985,0.0220474235119276,1.35e-11,104.7010922140826,2.6425690001696798,39.620949238169274,True
60,0.086,0.305,0.202,0.25017997723320556,1.502948673223037,3.1415926535897927,0.006,0.007,0.005,0.007,0.0017,0.0012,0.002,0.010144482937035437,0.029749035865467153,0.02206532744846041,1.429166666666667e-10,1108.4097107848868,2.721068735622552,407.3435177414929,True
61,0.112,0.176,0.055,0.24997335074441432,1.732177250086646,3.1415926535897927,0.008,0.006,0.008,0.001,0.0017,0.0018,0.0026,0.015098494294429672,0.0039413339310575505,0.02194480338789809,6.666666666666668e-13,15.5274638799852,3.261290660913009,4.761140755126142,True
62,0.112,0.176,0.055,0.24997335074441432,1.732177250086646,3.1415926535897927,0.005,0.007,0.009,0.007,0.0038,0.001,0.0027,0.010895137382870011,0.03102194589792696,0.021921659274819098,2.5725e-10,5991.660124689288,3.4008683020150965,1761.8030433989709,True
63,0.112,0.176,0.055,0.24997335074441432,1.732177250086646,3.1415926535897927,0.008,0.009,0.004,0.004,0.0033,0.0029,0.0024,0.02265915822246966,0.007822596497234198,0.02198847152578299,2.1333333333333337e-11,496.8788441595264,3.2815874184292437,151.41417271686188,True
64,0.112,0.176,0.055,0.24997335074441432,1.732177250086646,3.1415926535897927,0.004,0.006,0.007,0.008,0.0023,0.0035,0.0039,0.007436346258449667,0.02749604517347228,0.021575807622770702,2.986666666666667e-10,6956.303818233369,3.380529513091364,2057.7556833314247,True
65,0.112,0.176,0.055,0.24997335074441432,1.732177250086646,3.1415926535897927,0.007,0.007,0.005,0.003,0.001,0.0011,0.0027,0.015365893695346033,0.007362753124196754,0.021921659274819098,1.125e-11,262.0259529747502,3.278799812511316,79.91520311026794,True
66,0.111,0.194,0.068,0.2497310404864361,1.6111570779737747,3.1415926535897927,0.005,0.007,0.008,0.007,0.001,0.0018,0.0019,0.010871716483378811,0.03038523363942096,0.02208235802223552,2.286666666666667e-10,4383.45470701516,3.3230186824568566,1319.118285478394,True
67,0.111,0.194,0.068,0.2497310404864361,1.6111570779737747,3.1415926535897927,0.006,0.007,0.009,0.008,0.0014,0.0027,0.001,0.013058342403597644,0.039056532454773675,0.022196331862115105,3.8399999999999997e-10,7361.136767465689,3.36931626389762,2184.7568440934474,True
68,0.111,0.194,0.068,0.2497310404864361,1.6111570779737747,3.1415926535897927,0.008,0.006,0.006,0.003,0.0023,0.0015,0.003,0.014966598672104361,0.009746660017319235,0.02184698675903592,1.35e-11,258.7899644812157,3.2130433212660843,80.5435652760638,True
69,0.111,0.194,0.068,0.2497310404864361,1.6111570779737747,3.1415926535897927,0.008,0.008,0.008,0.002,0.0036,0.0012,0.0034,0.019924599525782988,0.008674655420749633,0.02173519632605058,5.333333333333334e-12,102.23801065924572,3.2067276799490707,31.882348881233803,True
70,0.111,0.194,0.068,0.2497310404864361,1.6111570779737747,3.1415926535897927,0.008,0.003,0.004,0.004,0.0013,0.0025,0.0037,0.007480679247779087,0.008592859466115026,0.021642183192355745,2.1333333333333337e-11,408.95204263698287,3.2057342852320314,127.56891440470179,True
71,0.088,0.238,0.144,0.2504722209031141,1.7175197310816706,3.1415926535897927,0.007,0.008,0.008,0.002,0.0026,0.0021,0.0024,0.013870578759930275,0.010641909503771058,0.02198847152578299,5.333333333333334e-12,67.93005029961465,2.7384372907949452,24.8061368898081,True
72,0.088,0.238,0.144,0.2504722209031141,1.7175197310816706,3.1415926535897927,0.007,0.001,0.005,0.002,0.0036,0.0019,0.0021,0.0017298159477623619,0.006636978153416312,0.0220474235119276,3.3333333333333335e-12,42.45628143725915,2.7167735620623747,15.627464147225234,True
73,0.088,0.238,0.144,0.2504722209031141,1.7175197310816706,3.1415926535897927,0.004,0.006,0.006,0.003,0.003,0.0021,0.0029,0.005865819081289055,0.011950646170847342,0.02187275096038801,1.35e-11,171.94793982089956,2.7450210388424314,62.63993513631122,True
74,0.088,0.238,0.144,0.2504722209031141,1.7175197310816706,3.1415926535897927,0.004,0.006,0.006,0.003,0.0013,0.002,0.0024,0.005906906488630478,0.01195567784613651,0.02198847152578299,1.35e-11,171.94793982089956,2.745642833553645,62.62574932164424,True
75,0.088,0.238,0.144,0.2504722209031141,1.7175197310816706,3.1415926535897927,0.005,0.002,0.005,0.006,0.0024,0.0018,0.003,0.002465478675903592,0.019889010597686656,0.02184698675903592,9e-11,1146.319598805997,2.788428566390652,411.0987861129954,True
76,0.085,0.248,0.157,0.24984867288722923,1.6921127112393222,3.1415926535897927,0.007,0.004,0.004,0.002,0.0035,0.0033,0.0015,0.006678959857868692,0.005511516066819244,0.02214174668975898,2.666666666666667e-12,31.28113430973085,2.6132787961390274,11.970071603514699,True
77,0.085,0.248,0.157,0.24984867288722923,1.6921127112393222,3.1415926535897927,0.005,0.006,0.006,0.008,0.0034,0.0034,0.0016,0.007069677795630346,0.033180082357226096,0.02212820956701466,2.56e-10,3002.9888937341607,2.7666107093787593,1085.4396260211397,True
78,0.085,0.248,0.157,0.24984867288722923,1.6921127112393222,3.1415926535897927,0.004,0.003,0.006,0.003,0.0027,0.0023,0.0026,0.0028365982238111975,0.012453587840773045,0.02194480338789809,1.35e-11,158.36074244301238,2.6507929644996127,59.74089435268513,True
79,0.085,0.248,0.157,0.24984867288722923,1.6921127112393222,3.1415926535897927,0.007,0.005,0.004,0.002,0.0027,0.0033,0.0017,0.008363928313313139,0.005510945305994611,0.022113799081512644,2.666666666666667e-12,31.28113430973085,2.6131373825440978,11.970719380730058,True
80,0.085,0.248,0.157,0.24984867288722923,1.6921127112393222,3.1415926535897927,0.004,0.002,0.003,0.007,0.0032,0.0028,0.0028,0.0018781680067041044,0.014402053259287681,0.0218976417989824,8.575e-11,1005.8839751472824,2.661360233630604,377.95859517111086,True
81,0.114,0.16,0.041,0.25005846224273326,1.8669686872610802,3.1415926535897927,0.003,0.004,0.007,0.005,0.0026,0.0017,0.0018,0.003790484493882147,0.015671353578691396,0.02209851523325293,7.291666666666669e-11,2054.962797866791,3.4209639935098544,600.6969970351637,True
82,0.114,0.16,0.041,0.25005846224273326,1.8669686872610802,3.1415926535897927,0.009,0.009,0.008,0.003,0.0025,0.0034,0.0027,0.025984822708921478,0.010755224340130452,0.021921659274819098,1.8e-11,507.28224495911627,3.3952612341577266,149.4088996321249,True
83,0.114,0.16,0.041,0.25005846224273326,1.8669686872610802,3.1415926535897927,0.005,0.004,0.008,0.002,0.0029,0.0019,0.0031,0.006366861796524706,0.007170270721716165,0.021820349194926134,5.333333333333334e-12,150.30585035825672,3.3766954099736246,44.51270609552277,True
84,0.114,0.16,0.041,0.25005846224273326,1.8669686872610802,3.1415926535897927,0.007,0.008,0.007,0.005,0.0015,0.0024,0.0034,0.01791118328621679,0.01566108696295839,0.02173519632605058,7.291666666666669e-11,2054.962797866791,3.41858663515611,601.1147345905864,True
85,0.114,0.16,0.041,0.25005846224273326,1.8669686872610802,3.1415926535897927,0.005,0.002,0.006,0.009,0.002,0.0016,0.0038,0.0031905937015475065,0.02409046274518053,0.021609432088942074,3.6449999999999993e-10,10272.465460422101,3.459911274913942,2968.9967875484344,True
86,0.109,0.188,0.069,0.25040290668971465,1.7154312706609245,3.1415926535897927,0.005,0.006,0.004,0.003,0.003,0.0037,0.0019,0.0090727409854175,0.006251769182188689,0.02208235802223552,9e-12,183.71471071403033,3.1711187611093092,57.93372136266632,True
87,0.109,0.188,0.069,0.25040290668971465,1.7154312706609245,3.1415926535897927,0.007,0.005,0.008,0.007,0.0016,0.0034,0.0014,0.010694801473266308,0.029434834371528665,0.0221544104497456,2.286666666666667e-10,4667.714501845365,3.2945149597759302,1416.8138736158085,True
88,0.109,0.188,0.069,0.25040290668971465,1.7154312706609245,3.1415926535897927,0.005,0.001,0.009,0.006,0.0026,0.0027,0.0024,0.001521258133135859,0.02843440524018062,0.02198847152578299,1.6199999999999998e-10,3306.864792852546,3.288211096996458,1005.6729009500415,True
89,0.109,0.188,0.069,0.25040290668971465,1.7154312706609245,3.1415926535897927,0.007,0.009,0.008,0.005,0.0025,0.0019,0.0018,0.019281812472204708,0.021036538313872116,0.02209851523325293,8.333333333333336e-11,1701.062136241022,3.249634282140931,523.4626387312496,True
90,0.109,0.188,0.069,0.25040290668971465,1.7154312706609245,3.1415926535897927,0.005,0.008,0.006,0.004,0.0024,0.0023,0.0028,0.012189106830548753,0.012598823469914259,0.0218976417989824,3.2e-11,653.2078603165523,3.2036732725522508,203.89340758090643,True
91,0.086,0.273,0.176,0.2497075577639581,1.5879362171330413,3.1415926535897927,0.009,0.006,0.007,0.004,0.0024,0.0028,0.0025,0.013122465997429616,0.02133353918744036,0.02196707413821939,3.733333333333334e-11,361.4003727971608,2.6602255027395865,135.85328477791788,True
92,0.086,0.273,0.176,0.2497075577639581,1.5879362171330413,3.1415926535897927,0.005,0.007,0.004,0.005,0.0011,0.0039,0.0039,0.00836008921157549,0.015063543811385355,0.021575807622770702,4.166666666666668e-11,403.34863035397416,2.623212251634128,153.76133978587072,True
93,0.086,0.273,0.176,0.2497075577639581,1.5879362171330413,3.1415926535897927,0.003,0.004,0.008,0.007,0.0018,0.0026,0.0023,0.002855015724230204,0.042697885628470454,0.02200899555058889,2.286666666666667e-10,2213.57728338261,2.7800479975758727,796.2370740767029,True
94,0.086,0.273,0.176,0.2497075577639581,1.5879362171330413,3.1415926535897927,0.003,0.007,0.008,0.003,0.0021,0.0011,0.0024,0.005028192772780404,0.01828566496184134,0.02198847152578299,1.8e-11,174.24660831291678,2.6432647874129698,65.92098118306806,True
95,0.086,0.273,0.176,0.2497075577639581,1.5879362171330413,3.1415926535897927,0.009,0.006,0.007,0.005,0.0032,0.0035,0.0026,0.01311859307369059,0.026652132174702022,0.02194480338789809,7.291666666666669e-11,705.8601031194547,2.689895349260798,262.4117340897407,True
96,0.117,0.144,0.025,0.249601883990509,2.058931982167134,3.1415926535897927,0.007,0.001,0.004,0.007,0.0013,0.0039,0.003,0.002290516423487261,0.011107486033632315,0.02184698675903592,1.1433333333333335e-10,3978.0020580927517,3.5204535459940955,1129.9686265195285,True
97,0.117,0.144,0.025,0.249601883990509,2.058931982167134,3.1415926535897927,0.005,0.002,0.008,0.009,0.0025,0.001,0.0035,0.0032695906000334493,0.029013028727861295,0.02170506531091,4.859999999999999e-10,16909.408165303877,3.6043553885109234,4691.3820482862275,True
98,0.117,0.144,0.025,0.249601883990509,2.058931982167134,3.1415926535897927,0.007,0.009,0.007,0.006,0.0017,0.0036,0.0032,0.020644038006535966,0.016906493760321103,0.021792838268058643,1.26e-10,4383.920635449154,3.547571287839855,1235.7526543514673,True
99,0.117,0.144,0.025,0.249601883990509,2.058931982167134,3.1415926535897927,0.004,0.001,0.005,0.006,0.0037,0.0019,0.0039,0.0012944030607295635,0.012004909693501866,0.021575807622770702,9e-11,3131.3718824636817,3.522903213078945,888.8611730343074,True
100,0.117,0.144,0.025,0.249601883990509,2.058931982167134,3.1415926535897927,0.004,0.007,0.007,0.004,0.0013,0.0031,0.004,0.009105820514665228,0.011261623797753549,0.021541309793841633,3.733333333333334e-11,1298.9394475404902,3.5191512741632507,369.10588558013586,True
101,0.112,0.203,0.071,0.24997312066602184,1.5397629639770678,3.1415926535897927,0.004,0.006,0.005,0.006,0.0027,0.0031,0.0025,0.007444730540923567,0.01695594699994365,0.02196707413821939,9e-11,1575.6783070389208,3.2470001737840044,485.2720119206675,True
102,0.112,0.203,0.071,0.24997312066602184,1.5397629639770678,3.1415926535897927,0.007,0.007,0.008,0.004,0.0033,0.0019,0.0011,0.015389196200234146,0.01815022391507896,0.022187161553159272,4.2666666666666674e-11,746.9882344480811,3.2546087759197566,229.51705900104116,True
103,0.112,0.203,0.071,0.24997312066602184,1.5397629639770678,3.1415926535897927,0.006,0.007,0.006,0.002,0.0037,0.0025,0.001,0.013134316065701299,0.00679880060003345,0.022196331862115105,4e-12,70.03014697950759,3.194999009632574,21.918675645399052,True
104,0.112,0.203,0.071,0.24997312066602184,1.5397629639770678,3.1415926535897927,0.009,0.006,0.008,0.009,0.0022,0.0036,0.0037,0.01701560014369465,0.040839373856415354,0.021642183192355745,4.859999999999999e-10,8508.66285801017,3.3705701867424285,2524.3986585645257,True
105,0.112,0.203,0.071,0.24997312066602184,1.5397629639770678,3.1415926535897927,0.006,0.002,0.003,0.008,0.0034,0.0029,0.001,0.0037541987286438586,0.013509897129001245,0.022196331862115105,1.28e-10,2240.964703344243,3.2302742518088547,693.738218075252,True
106,0.11,0.19,0.068,0.25004910287258386,1.668856430722694,3.1415926535897927,0.008,0.003,0.009,0.005,0.0028,0.0026,0.0036,0.007423710778032073,0.023941526080227454,0.021674060933011722,9.375000000000001e-11,1873.6186332746681,3.2772845237398727,571.6984960270061,True
107,0.11,0.19,0.068,0.25004910287258386,1.668856430722694,3.1415926535897927,0.006,0.002,0.007,0.007,0.0029,0.0038,0.0031,0.003681574304933008,0.025984182449353875,0.021820349194926134,2.0008333333333337e-10,3998.7185231044255,3.2889542486699366,1215.8024164433177,True
108,0.11,0.19,0.068,0.25004910287258386,1.668856430722694,3.1415926535897927,0.004,0.001,0.007,0.004,0.0017,0.0021,0.0037,0.0012283891296720121,0.01485725734085667,0.021642183192355745,3.733333333333334e-11,746.1165757396012,3.2291247618161862,231.05845415522316,True
109,0.11,0.19,0.068,0.25004910287258386,1.668856430722694,3.1415926535897927,0.005,0.005,0.004,0.005,0.0024,0.0028,0.0027,0.007677228331191346,0.010551725268450373,0.021921659274819098,4.166666666666668e-11,832.7193925665192,3.208078605613662,259.56951026991163,True
110,0.11,0.19,0.068,0.25004910287258386,1.668856430722694,3.1415926535897927,0.005,0.004,0.003,0.008,0.0024,0.0029,0.0027,0.006139584497234199,0.01258938009408284,0.021921659274819098,1.28e-10,2558.1139739643463,3.218838347848647,794.7320422829234,True
111,0.123,0.137,0.01,0.2500096621641989,1.635055060744932,3.1415926535897927,0.009,0.005,0.004,0.005,0.0012,0.0021,0.0034,0.015529850348343335,0.007595754959494544,0.02173519632605058,4.166666666666668e-11,1601.6394092200617,3.636034562593107,440.4906998677763,True
112,0.123,0.137,0.01,0.2500096621641989,1.635055060744932,3.1415926535897927,0.006,0.009,0.007,0.008,0.0015,0.0017,0.0033,0.01860394759707223,0.021476661223978444,0.021764453978433462,2.986666666666667e-10,11480.5512852894,3.697494354304033,3104.954378611985,True
113,0.123,0.137,0.01,0.2500096621641989,1.635055060744932,3.1415926535897927,0.004,0.002,0.005,0.008,0.0015,0.0025,0.0035,0.0027428820827978366,0.015244855779651756,0.02170506531091,2.1333333333333335e-10,8200.393775206714,3.6695830789138686,2234.6935874889323,True
114,0.123,0.137,0.01,0.2500096621641989,1.635055060744932,3.1415926535897927,0.007,0.004,0.009,0.005,0.0013,0.0019,0.0022,0.009652575773842008,0.01730290605871815,0.022028646212637094,9.375000000000001e-11,3603.6886707451386,3.680898968655777,979.0240648906388,True
115,0.123,0.137,0.01,0.2500096621641989,1.635055060744932,3.1415926535897927,0.009,0.003,0.008,0.001,0.0038,0.0019,0.0014,0.009328069516676637,0.0030714144235990566,0.0221544104497456,6.666666666666668e-13,25.626230547520986,3.6189622546038667,7.081099150708342,True
116,0.109,0.206,0.08,0.24981760212403256,1.5871345478121166,3.1415926535897927,0.007,0.005,0.008,0.004,0.0037,0.0029,0.0038,0.010685523538185939,0.018424212609866018,0.021609432088942074,4.2666666666666674e-11,725.3897198928028,3.1816212047770174,227.99374067650564,True
117,0.109,0.206,0.08,0.24981760212403256,1.5871345478121166,3.1415926535897927,0.008,0.005,0.008,0.008,0.0034,0.0016,0.0034,0.01224465147326631,0.0368496823572261,0.02173519632605058,3.413333333333334e-10,5803.117759142422,3.2810258507347014,1768.690044865987,True
118,0.109,0.206,0.08,0.24981760212403256,1.5871345478121166,3.1415926535897927,0.002,0.006,0.004,0.002,0.0018,0.0013,0.0036,0.0036233628240682357,0.004571954177998624,0.021674060933011722,2.666666666666667e-12,45.33685749330017,3.1078297566839166,14.587947552724067,True
119,0.109,0.206,0.08,0.24981760212403256,1.5871345478121166,3.1415926535897927,0.006,0.004,0.009,0.007,0.002,0.0018,0.0029,0.007336016536342669,0.03631236216777433,0.02187275096038801,2.5725e-10,4373.589971306801,3.2789616238210355,1333.8338392049172,True
120,0.109,0.206,0.08,0.24981760212403256,1.5871345478121166,3.1415926535897927,0.009,0.002,0.008,0.003,0.0031,0.0021,0.0021,0.005523241270685372,0.01382665905357828,0.0220474235119276,1.8e-11,306.02378807977607,3.159591804821602,96.85548228501463,True
121,0.078,0.228,0.149,0.24998165193193006,1.8626295232768055,3.1415926535897927,0.006,0.004,0.007,0.007,0.0034,0.0038,0.0024,0.00521727768299853,0.031171708265153773,0.02198847152578299,2.0008333333333337e-10,2776.887863266962,2.6634749855174515,1042.580793274271,True
122,0.078,0.228,0.149,0.24998165193193006,1.8626295232768055,3.1415926535897927,0.007,0.008,0.009,0.004,0.0019,0.0028,0.0031,0.012308887928487168,0.022961074198781708,0.021820349194926134,4.7999999999999996e-11,666.1755140532151,2.6173228485746236,254.52554101837677,True
123,0.078,0.228,0.149,0.24998165193193006,1.8626295232768055,3.1415926535897927,0.003,0.004,0.008,0.002,0.0029,0.0028,0.0028,0.002555234551874081,0.01019751235979648,0.0218976417989824,5.333333333333334e-12,74.01950156146837,2.5471921621978404,29.059253031620816,True
124,0.078,0.228,0.149,0.24998165193193006,1.8626295232768055,3.1415926535897927,0.003,0.007,0.006,0.002,0.0019,0.0019,0.0032,0.004554212615564863,0.007630667629029416,0.021792838268058643,4e-12,55.51462617110126,2.5325137076352577,21.920760390646894,True
125,0.078,0.228,0.149,0.24998165193193006,1.8626295232768055,3.1415926535897927,0.005,0.001,0.007,0.004,0.0016,0.0026,0.004,0.0010930406477456373,0.017805614636347944,0.021541309793841633,3.733333333333334e-11,518.1365109302785,2.587513906333861,200.2449183604212,True
126,0.076,0.327,0.24,0.25025068526607813,1.507382419770035,3.1415926535897927,0.004,0.008,0.006,0.003,0.0034,0.0036,0.0037,0.006644022903624919,0.016371162618805123,0.021642183192355745,1.35e-11,91.08678752457269,2.360540778984535,38.587254384885775,True
127,0.076,0.327,0.24,0.25025068526607813,1.507382419770035,3.1415926535897927,0.006,0.007,0.003,0.004,0.0018,0.0021,0.0029,0.008984520560813185,0.010880154894463123,0.02187275096038801,1.6e-11,107.95471114023428,2.3309294223640684,46.31401968007456,True
128,0.076,0.327,0.24,0.25025068526607813,1.507382419770035,3.1415926535897927,0.008,0.003,0.007,0.002,0.0019,0.0024,0.004,0.005152792432202776,0.01275636213196246,0.021541309793841633,4.6666666666666675e-12,31.486790749235006,2.339949848376783,13.456181879742983,True
129,0.076,0.327,0.24,0.25025068526607813,1.507382419770035,3.1415926535897927,0.009,0.007,0.006,0.006,0.0025,0.0026,0.0036,0.013558404134141116,0.03277806729627295,0.021674060933011722,1.08e-10,728.6943001965815,2.45215127649398,297.1653124265845,True
130,0.076,0.327,0.24,0.25025068526607813,1.507382419770035,3.1415926535897927,0.002,0.006,0.004,0.006,0.0013,0.0013,0.0038,0.002534448508184713,0.02177626588077498,0.021609432088942074,7.2e-11,485.79620013105426,2.390530471132747,203.21690352721623,True
131,0.083,0.233,0.147,0.2498770291743516,1.7863593350512397,3.1415926535897927,0.008,0.003,0.003,0.002,0.0011,0.0014,0.0023,0.005600395800435732,0.00388563860003345,0.02200899555058889,2e-12,26.57879429422653,2.6054787712833227,10.201117194723949,True
132,0.083,0.233,0.147,0.2498770291743516,1.7863593350512397,3.1415926535897927,0.005,0.004,0.004,0.003,0.0028,0.0038,0.0022,0.004603694777584894,0.007746671745236876,0.022028646212637094,9e-12,119.60457432401937,2.6268490086174743,45.53157563744706,True
133,0.083,0.233,0.147,0.2498770291743516,1.7863593350512397,3.1415926535897927,0.006,0.004,0.007,0.007,0.0039,0.0011,0.0012,0.005561153835185995,0.03185541080211176,0.02217711788144575,2.0008333333333337e-10,2658.986879184913,2.760419176472121,963.2547483542551,True
134,0.083,0.233,0.147,0.2498770291743516,1.7863593350512397,3.1415926535897927,0.008,0.007,0.006,0.003,0.0028,0.0035,0.0031,0.013104779488462342,0.011681264175875419,0.021820349194926134,1.35e-11,179.40686148602907,2.6474972426007968,67.76470192270601,True
135,0.083,0.233,0.147,0.2498770291743516,1.7863593350512397,3.1415926535897927,0.003,0.006,0.003,0.005,0.0018,0.0018,0.0021,0.004158501139951758,0.009713899686295133,0.0220474235119276,3.125e-11,415.2936608472895,2.6377812053669394,157.44052615217507,True
136,0.12,0.144,0.02,0.24997483497894474,1.8146536101202406,3.1415926535897927,0.006,0.005,0.008,0.005,0.0028,0.0031,0.0019,0.010063527748477132,0.01614647680429041,0.02208235802223552,8.333333333333336e-11,2899.4184096885942,3.5964422121551705,806.1907403625751,True
137,0.12,0.144,0.02,0.24997483497894474,1.8146536101202406,3.1415926535897927,0.009,0.003,0.009,0.006,0.0025,0.0018,0.001,0.009106417405720846,0.021771902128610406,0.022196331862115105,1.6199999999999998e-10,5636.469388434626,3.623292672517665,1555.6207841521382,True
138,0.12,0.144,0.02,0.24997483497894474,1.8146536101202406,3.1415926535897927,0.009,0.004,0.008,0.007,0.0033,0.0026,0.0015,0.012150687473266307,0.022599356527179974,0.02214174668975898,2.286666666666667e-10,7956.004116185503,3.6267607399713437,2193.6942320182848,True
139,0.12,0.144,0.02,0.24997483497894474,1.8146536101202406,3.1415926535897927,0.003,0.004,0.004,0.002,0.0013,0.0029,0.0035,0.0039850463614725055,0.0031835096271298005,0.02170506531091,2.666666666666667e-12,92.78138911003502,3.53379668792025,26.25544062203527,True
140,0.12,0.144,0.02,0.24997483497894474,1.8146536101202406,3.1415926535897927,0.007,0.005,0.006,0.004,0.0038,0.0013,0.0034,0.011748023233979148,0.009648751434605021,0.02173519632605058,3.2e-11,1113.37666932042,3.5639750780641455,312.3974340261593,True
141,0.12,0.157,0.027,0.2503827537604574,1.594969999272678,3.1415926535897927,0.007,0.004,0.005,0.008,0.0018,0.0023,0.0036,0.009425874156768363,0.017467662593440247,0.021674060933011722,2.1333333333333335e-10,6244.196144543586,3.5475796445247663,1760.1285299346841,True
142,0.12,0.157,0.027,0.2503827537604574,1.594969999272678,3.1415926535897927,0.006,0.004,0.006,0.007,0.0017,0.0031,0.0011,0.008057357655287756,0.01841114476182989,0.022187161553159272,1.715e-10,5019.748306824492,3.5554623980432574,1411.8412023108729,True
143,0.12,0.157,0.027,0.2503827537604574,1.594969999272678,3.1415926535897927,0.005,0.007,0.005,0.006,0.0023,0.001,0.0029,0.011740409594446395,0.013133154846750934,0.02187275096038801,9e-11,2634.2702484793253,3.52833769140364,746.6037774381404,True
144,0.12,0.157,0.027,0.2503827537604574,1.594969999272678,3.1415926535897927,0.008,0.007,0.007,0.009,0.0018,0.0032,0.0033,0.01886477372545905,0.027650966510921447,0.021764453978433462,4.252499999999999e-10,12446.92692406481,3.596484654980304,3460.859177260406,True
145,0.12,0.157,0.027,0.2503827537604574,1.594969999272678,3.1415926535897927,0.004,0.008,0.007,0.003,0.0034,0.0039,0.0017,0.01053230557952851,0.0092105650056425,0.022113799081512644,1.575e-11,460.99729348388195,3.5113311545180323,131.2884695853071,True
146,0.06,0.328,0.266,0.24978742799146464,1.5662160440084287,3.1415926535897927,0.003,0.005,0.004,0.009,0.0012,0.0024,0.0013,0.0024984573518071836,0.03286499056774088,0.022166200846974522,2.4299999999999994e-10,1629.5800849370776,2.078851772604565,783.8846936621167,True
147,0.06,0.328,0.266,0.24978742799146464,1.5662160440084287,3.1415926535897927,0.009,0.008,0.008,0.009,0.0018,0.0037,0.0037,0.012264319370243469,0.06585503687312017,0.021642183192355745,4.859999999999999e-10,3259.160169874155,2.262824992459811,1440.3058922958398,True
148,0.06,0.328,0.266,0.24978742799146464,1.5662160440084287,3.1415926535897927,0.003,0.004,0.004,0.007,0.0019,0.0023,0.0031,0.0019939267145648813,0.025513958660930255,0.021820349194926134,1.1433333333333335e-10,766.7297244628502,2.0361792713276907,376.55315288761585,True
149,0.06,0.328,0.266,0.24978742799146464,1.5662160440084287,3.1415926535897927,0.004,0.007,0.006,0.007,0.0039,0.0035,0.0029,0.004538713526788244,0.03835514769495431,0.02187275096038801,1.715e-10,1150.094586694275,2.108720064092953,545.399366316068,True
150,0.06,0.328,0.266,0.24978742799146464,1.5662160440084287,3.1415926535897927,0.006,0.004,0.002,0.006,0.0036,0.0016,0.0012,0.0040411261000052765,0.010936382234538123,0.02217711788144575,3.6e-11,241.41927184253,1.955345240630278,123.46631521946063,True
151,0.116,0.176,0.046,0.24983122859812845,1.589773246255774,3.1415926535897927,0.006,0.005,0.005,0.003,0.0015,0.0029,0.0039,0.009741504412536748,0.007326263787473805,0.021575807622770702,1.125e-11,262.0259529747502,3.356776878689182,78.05879343314325,True
152,0.116,0.176,0.046,0.24983122859812845,1.589773246255774,3.1415926535897927,0.009,0.007,0.008,0.003,0.0032,0.0039,0.0023,0.020549013061790272,0.011815272476003941,0.02200899555058889,1.8e-11,419.2415247596003,3.38203966279242,123.96114964939491,True
153,0.116,0.176,0.046,0.24983122859812845,1.589773246255774,3.1415926535897927,0.006,0.004,0.008,0.007,0.0022,0.004,0.0023,0.007764343201295746,0.027564678870550682,0.02200899555058889,2.286666666666667e-10,5325.920110834923,3.460999934656151,1538.8385470640153,True
154,0.116,0.176,0.046,0.24983122859812845,1.589773246255774,3.1415926535897927,0.007,0.005,0.007,0.006,0.0025,0.0021,0.0023,0.011394214412536746,0.02067955771875495,0.02200899555058889,1.26e-10,2934.6906733172023,3.426481155477712,856.4736066403536,True
155,0.116,0.176,0.046,0.24983122859812845,1.589773246255774,3.1415926535897927,0.003,0.007,0.007,0.008,0.0026,0.0022,0.0031,0.006734899360187315,0.027559830163025285,0.021820349194926134,2.986666666666667e-10,6956.303818233369,3.459774938378418,2010.623217443664,True
156,0.111,0.184,0.062,0.2498754670964362,1.686666718585056,3.1415926535897927,0.004,0.004,0.005,0.004,0.0015,0.0025,0.0031,0.004952004165595674,0.010247564666629103,0.021820349194926134,2.6666666666666668e-11,568.2640845302711,3.246073651260058,175.06198120602807,True
157,0.111,0.184,0.062,0.2498754670964362,1.686666718585056,3.1415926535897927,0.008,0.005,0.005,0.006,0.0038,0.0028,0.0033,0.012466928471981118,0.01535459873322476,0.021764453978433462,9e-11,1917.891285289665,3.2724161575952158,586.0780514844591,True
158,0.111,0.184,0.062,0.2498754670964362,1.686666718585056,3.1415926535897927,0.003,0.002,0.006,0.006,0.0021,0.0017,0.0031,0.0018512942593440244,0.01849115648293163,0.021820349194926134,1.08e-10,2301.469542347598,3.2891464160769863,699.7163553128154,True
159,0.111,0.184,0.062,0.2498754670964362,1.686666718585056,3.1415926535897927,0.008,0.008,0.002,0.006,0.0022,0.0016,0.0017,0.019957910311860703,0.006121886594558191,0.022113799081512644,3.6e-11,767.1565141158659,3.226312360503732,237.78122772839265,True
160,0.111,0.184,0.062,0.2498754670964362,1.686666718585056,3.1415926535897927,0.007,0.009,0.009,0.003,0.0031,0.0038,0.0022,0.01957217457774069,0.013909931745236873,0.022028646212637094,2.0249999999999998e-11,431.5255391901746,3.266483556492675,132.107060001097,True
161,0.099,0.261,0.14,0.2501517435462807,1.515825577695892,3.1415926535897927,0.006,0.003,0.008,0.003,0.0011,0.003,0.0035,0.00498966424682928,0.01749156781049189,0.02170506531091,1.8e-11,190.637622333104,2.9742795064283856,64.09539585001143,True
162,0.099,0.261,0.14,0.2501517435462807,1.515825577695892,3.1415926535897927,0.004,0.001,0.008,0.006,0.0013,0.003,0.0017,0.001101447380300522,0.034985659752164576,0.022113799081512644,1.44e-10,1525.100978664832,3.0708160545881396,496.6435473678607,True
163,0.099,0.261,0.14,0.2501517435462807,1.515825577695892,3.1415926535897927,0.009,0.005,0.005,0.008,0.0028,0.0039,0.0021,0.012552347355438274,0.029014092453879318,0.0220474235119276,2.1333333333333335e-10,2259.4088572812325,3.0382670986883737,743.6505033598343,True
164,0.099,0.261,0.14,0.2501517435462807,1.515825577695892,3.1415926535897927,0.008,0.006,0.005,0.008,0.0015,0.002,0.0037,0.013362202241465818,0.029031124256326462,0.021642183192355745,2.1333333333333335e-10,2259.4088572812325,3.036121829088537,744.1759535583332,True
165,0.099,0.261,0.14,0.2501517435462807,1.515825577695892,3.1415926535897927,0.007,0.008,0.008,0.004,0.0035,0.0021,0.003,0.015557219529135038,0.023328290054192704,0.02184698675903592,4.2666666666666674e-11,451.8817714562466,3.0065185781158665,150.30067492196676,True
166,0.122,0.15,0.018,0.24995614767479746,1.5036650088644725,3.1415926535897927,0.008,0.006,0.004,0.003,0.0016,0.0015,0.0029,0.016423498877032094,0.005007566647522049,0.02187275096038801,9e-12,288.5872326878528,3.5540693869666398,81.19909919208385,True
167,0.122,0.15,0.018,0.24995614767479746,1.5036650088644725,3.1415926535897927,0.006,0.006,0.007,0.005,0.0031,0.0036,0.0024,0.012249351038381354,0.014682533114698677,0.02198847152578299,7.291666666666669e-11,2338.0910055728823,3.5990276145624365,649.6451975284839,True
168,0.122,0.15,0.018,0.24995614767479746,1.5036650088644725,3.1415926535897927,0.008,0.009,0.005,0.001,0.0024,0.0022,0.0033,0.024671590982289035,0.0020888800095535277,0.021764453978433462,4.166666666666667e-13,13.36052003184504,3.5400098735601198,3.774147674455106,True
169,0.122,0.15,0.018,0.24995614767479746,1.5036650088644725,3.1415926535897927,0.004,0.003,0.007,0.002,0.003,0.0031,0.0015,0.004049768393094308,0.005875725588468511,0.02214174668975898,4.6666666666666675e-12,149.63782435666445,3.55985326720942,42.03482928215354,True
170,0.122,0.15,0.018,0.24995614767479746,1.5036650088644725,3.1415926535897927,0.008,0.004,0.009,0.007,0.0028,0.0013,0.0037,0.010952256529191387,0.02647378441376559,0.021642183192355745,2.5725e-10,8248.785067661127,3.650522342498006,2259.6177461049556,True
171,0.082,0.253,0.166,0.24993062920924458,1.6947365583522471,3.1415926535897927,0.004,0.002,0.007,0.006,0.003,0.0024,0.0024,0.0018192738284818907,0.02966958691546979,0.02198847152578299,1.26e-10,1420.1905715863966,2.6638543277086373,533.133721620581,True
172,0.082,0.253,0.166,0.24993062920924458,1.6947365583522471,3.1415926535897927,0.004,0.002,0.008,0.006,0.001,0.0023,0.001,0.0018329087412703993,0.033898094223811195,0.022196331862115105,1.44e-10,1623.0749389558814,2.6884576639518936,603.7197314723734,True
173,0.082,0.253,0.166,0.24993062920924458,1.6947365583522471,3.1415926535897927,0.008,0.006,0.008,0.006,0.0025,0.0026,0.0035,0.011111915257835243,0.033918272609642426,0.02170506531091,1.44e-10,1623.0749389558814,2.686219669475597,604.2227139498005,True
174,0.082,0.253,0.166,0.24993062920924458,1.6947365583522471,3.1415926535897927,0.009,0.003,0.006,0.002,0.0039,0.0035,0.0034,0.006252772940052104,0.008451198163696057,0.02173519632605058,4e-12,45.08541497099671,2.544174691864301,17.721037441009745,True
175,0.082,0.253,0.166,0.24993062920924458,1.6947365583522471,3.1415926535897927,0.005,0.003,0.005,0.005,0.0036,0.0033,0.0037,0.003407042236716777,0.0175584092926973,0.021642183192355745,5.208333333333334e-11,587.0496741015197,2.5945755533562482,226.26038904210506,True
176,0.118,0.155,0.03,0.2496902339425563,1.7245119855568558,3.1415926535897927,0.004,0.006,0.008,0.007,0.0022,0.0034,0.0017,0.0078449287616063,0.024306532392647132,0.022113799081512644,2.286666666666667e-10,6866.834603672115,3.556194806082039,1930.950068294347,True
177,0.118,0.155,0.03,0.2496902339425563,1.7245119855568558,3.1415926535897927,0.009,0.004,0.005,0.009,0.0024,0.004,0.0023,0.011939652263924922,0.019366202404993735,0.02200899555058889,3.0374999999999996e-10,9121.578764717511,3.5317426186940963,2582.741651794072,True
178,0.118,0.155,0.03,0.2496902339425563,1.7245119855568558,3.1415926535897927,0.002,0.004,0.005,0.003,0.0012,0.0016,0.0039,0.0026205214896920814,0.006461777578467806,0.021575807622770702,1.125e-11,337.8362505450931,3.4668170944601613,97.44853603178035,True
179,0.118,0.155,0.03,0.2496902339425563,1.7245119855568558,3.1415926535897927,0.008,0.005,0.005,0.006,0.004,0.0014,0.0038,0.01322577006089681,0.012928992761606303,0.021609432088942074,9e-11,2702.6900043607448,3.4981466452796823,772.606262235373,True
180,0.118,0.155,0.03,0.2496902339425563,1.7245119855568558,3.1415926535897927,0.008,0.005,0.008,0.008,0.0018,0.0017,0.0036,0.013249278578691393,0.027772232005809746,0.021674060933011722,3.413333333333334e-10,10250.202090612604,3.5699684045238005,2871.230478573348,True
181,0.124,0.133,0.006,0.2502217476107179,1.5801374326764528,3.1415926535897927,0.004,0.003,0.007,0.004,0.0015,0.0027,0.0037,0.00414420689468671,0.010418576493434967,0.021642183192355745,3.733333333333334e-11,1522.6868892644918,3.681827995693898,413.56817620088674,True
182,0.124,0.133,0.006,0.2502217476107179,1.5801374326764528,3.1415926535897927,0.008,0.005,0.004,0.003,0.0032,0.0026,0.002,0.01392569041398918,0.0044431276254537745,0.02206532744846041,9e-12,367.07630366197566,3.6589841453082146,100.321916981429,True
183,0.124,0.133,0.006,0.2502217476107179,1.5801374326764528,3.1415926535897927,0.009,0.004,0.008,0.004,0.0032,0.0019,0.0026,0.012544163258058832,0.01194127228202672,0.02194480338789809,4.2666666666666674e-11,1740.2135877308478,3.6905107083284543,471.5373359583189,True
184,0.124,0.133,0.006,0.2502217476107179,1.5801374326764528,3.1415926535897927,0.004,0.007,0.007,0.008,0.0037,0.002,0.0033,0.009603632724285655,0.020857904570757552,0.021764453978433462,2.986666666666667e-10,12181.495114115934,3.7277436171635316,3267.793165288799,True
185,0.124,0.133,0.006,0.2502217476107179,1.5801374326764528,3.1415926535897927,0.008,0.003,0.004,0.001,0.0025,0.0038,0.0025,0.008347923934074221,0.0014688133113580732,0.02196707413821939,3.333333333333334e-13,13.595418654147249,3.645459946875247,3.7294110626015073,True
186,0.111,0.212,0.079,0.2502615072655407,1.522833584293795,3.1415926535897927,0.002,0.004,0.009,0.001,0.0014,0.0012,0.0023,0.00246785766623827,0.0053333306716017315,0.02200899555058889,7.499999999999999e-13,12.039450455894537,3.140217632008695,3.8339541607481813,True
187,0.111,0.212,0.079,0.2502615072655407,1.522833584293795,3.1415926535897927,0.005,0.003,0.004,0.001,0.0014,0.0023,0.0018,0.0046583559000501745,0.002361611539192091,0.02209851523325293,3.333333333333334e-13,5.350866869286462,3.1249559234668154,1.7123015493128073,False
188,0.111,0.212,0.079,0.2502615072655407,1.522833584293795,3.1415926535897927,0.006,0.002,0.005,0.005,0.0033,0.0016,0.0037,0.0037259583545448125,0.0147407731898426,0.021642183192355745,5.208333333333334e-11,836.0729483260096,3.188033986301782,262.2534615121466,True
189,0.111,0.212,0.079,0.2502615072655407,1.522833584293795,3.1415926535897927,0.009,0.008,0.009,0.002,0.0027,0.0012,0.0036,0.022455582862505936,0.010665693881445747,0.021674060933011722,5.9999999999999995e-12,96.3156036471563,3.1665637565332063,30.416442254933095,True
190,0.111,0.212,0.079,0.2502615072655407,1.522833584293795,3.1415926535897927,0.008,0.004,0.004,0.008,0.0023,0.0025,0.0029,0.009987277937761656,0.018843642039442957,0.02187275096038801,1.706666666666667e-10,2739.6438370746687,3.2112163593621013,853.1483184206533,True
191,0.122,0.147,0.017,0.25013198507454176,1.5571869686249737,3.1415926535897927,0.009,0.009,0.005,0.006,0.0033,0.0036,0.0036,0.027780162710150325,0.012220476559807033,0.021674060933011722,9e-11,3004.8649800900967,3.597133874091125,835.3497771470418,True
192,0.122,0.147,0.017,0.25013198507454176,1.5571869686249737,3.1415926535897927,0.006,0.003,0.004,0.008,0.0018,0.0016,0.0027,0.006151956720040139,0.0130963315367335,0.021921659274819098,1.706666666666667e-10,5698.114332615295,3.6028048586812367,1581.5772866202421,True
193,0.122,0.147,0.017,0.25013198507454176,1.5571869686249737,3.1415926535897927,0.007,0.002,0.007,0.007,0.0031,0.0011,0.0022,0.0047827230748085404,0.02015663571802873,0.022028646212637094,2.0008333333333337e-10,6680.260015922522,3.635697667690428,1837.4080098266666,True
194,0.122,0.147,0.017,0.25013198507454176,1.5571869686249737,3.1415926535897927,0.005,0.008,0.005,0.001,0.0021,0.0032,0.0012,0.013605184711994497,0.002048377807475219,0.02217711788144575,4.166666666666667e-13,13.911411944861559,3.554203694687056,3.914072782507319,True
195,0.122,0.147,0.017,0.25013198507454176,1.5571869686249737,3.1415926535897927,0.003,0.004,0.006,0.003,0.0023,0.0014,0.004,0.004068317200066898,0.007373346036538084,0.021541309793841633,1.35e-11,450.7297470135145,3.5741483315571108,126.10829355734934,True
196,0.114,0.153,0.036,0.24956190201916834,1.990809761495248,3.1415926535897927,0.003,0.006,0.005,0.001,0.0013,0.0011,0.002,0.005726616720040139,0.002136869450080984,0.02206532744846041,4.166666666666667e-13,12.841714755714186,3.3842552245641895,3.7945467772360133,True
197,0.114,0.153,0.036,0.24956190201916834,1.990809761495248,3.1415926535897927,0.004,0.003,0.004,0.008,0.0014,0.0039,0.0013,0.0037789767108774453,0.013546979387898091,0.022166200846974522,1.706666666666667e-10,5259.966363940532,3.441135949113983,1528.5552334236772,True
198,0.114,0.153,0.036,0.24956190201916834,1.990809761495248,3.1415926535897927,0.005,0.005,0.005,0.008,0.0024,0.0027,0.0026,0.00795775770015052,0.01706286506508687,0.02194480338789809,2.1333333333333335e-10,6574.957954925663,3.45703037752241,1901.9092217632797,True
199,0.114,0.153,0.036,0.24956190201916834,1.990809761495248,3.1415926535897927,0.003,0.004,0.007,0.001,0.0018,0.0013,0.0011,0.003811691216045491,0.0029944001200066903,0.022187161553159272,5.833333333333334e-13,17.978400657999863,3.3892683398929186,5.304507892275026,True
200,0.114,0.153,0.036,0.24956190201916834,1.990809761495248,3.1415926535897927,0.005,0.002,0.007,0.003,0.0028,0.0027,0.0018,0.00317958010738015,0.008994521176210805,0.02209851523325293,1.575e-11,485.41681776599626,3.4182632932348533,142.0068543949477,True
