design_id,r,l,e,ROM,QRR,omega,width_r,thickness_r,width_l,thickness_l,pin_diameter_A,pin_diameter_B,pin_diameter_C,mass_crank,mass_rod,mass_slider,utilization,check_static_passed,n_buck,P_cr,N_max_comp,check_buckling_passed,n_rod,S_e_rod,sigma_a_eq_rod,sigma_m_eq_rod,n_f_rod,n_y_rod,N_f_rod,t_f_rod,check_fatigue_rod_passed,n_crank,S_e_crank,sigma_a_eq_crank,sigma_m_eq_crank,n_f_crank,n_y_crank,N_f_crank,t_f_crank,check_fatigue_crank_passed,n_pin,S_e_pin,sigma_a_eq_pin,sigma_m_eq_pin,n_f_pin,n_y_pin,N_f_pin,t_f_pin,check_fatigue_pin_passed,D_rod,check_miner_rod_passed,D_crank,check_miner_crank_passed,D_pin,check_miner_pin_passed,sigma_max,tau_max,theta_sigma_max,theta_tau_max,pass_fail,total_mass,volume_envelope,tau_A_max,E_rev,F_A_max,F_B_max,F_C_max,n_static_rod,n_static_crank,n_static_pin
2,0.079,0.288,0.201,0.24979222709267482,1.587839150981423,3.1415926535897927,0.003,0.006,0.005,0.003,0.0024,0.0021,0.0013,0.003932518511313177,0.012040533653835318,0.022166200846974522,0.2136444418115453,True,39.24360661363402,97.85537132699005,2.4935366489224036,True,15.542724415209596,66754775.11346164,3647227.281336599,4686348.146510196,15.542724415209596,41.3987973093969,5.303163005047263e+18,1.0606326010094526e+19,True,3.2079837611029562,66106800.8405103,17979559.124439888,19196751.020498257,3.2079837611029562,9.280103341481688,10812083111233.977,21624166222467.953,True,7.684542141540617,73333818.00882263,7948467.002202613,10502303.888978725,7.684542141540617,18.698405721621903,6.909612112732502e+16,1.3819224225465005e+17,True,3.5299688095921846e-12,True,1.7313962358048779e-06,True,2.709269304061833e-10,True,18134280.853885654,21364444.18115453,2.0943951023931953,0.7853981633974483,1,0.038139253012123016,0.001245302892373402,0.18793439623454508,0.30347614402737044,5.1385332657880225,5.158290328857209,4.299293002877285,71.82099787112145,50.39110936286001,9.92595192775076
7,0.115,0.178,0.05,0.25037473298874435,1.6220430016026317,3.1415926535897927,0.006,0.007,0.006,0.008,0.0024,0.0039,0.003,0.013474691701993792,0.023789805752722645,0.02184698675903592,0.5423797097486033,True,1707.5637716646554,5829.309080931253,3.4138163257284533,True,59.70137457652304,62727331.620962925,878597.330882786,1325072.88903765,59.70137457652304,156.55700062619002,9.274885576163458e+22,1.8549771152326915e+23,True,1.210243385427906,63177055.74217016,45920065.77480071,48026082.769088395,1.210243385427906,3.6723165914441434,3242148453.677774,6484296907.355548,True,12.31264131047544,68677366.32671957,4470985.674167162,7784049.361756834,12.31264131047544,28.15169430268283,1.943951884989293e+18,3.887903769978586e+18,True,2.0183537410003823e-16,True,0.005773949054912868,True,9.629867973868657e-12,True,12122171.867113946,54237970.97486033,2.356194490192345,0.7853981633974483,1,0.059111484213752355,0.0016941107906631825,0.33120173674432585,0.7293591624695941,4.700521162278887,4.763627969010499,3.982972712284567,267.00144969591236,231.18362411134623,14.848824284394055
8,0.115,0.178,0.05,0.25037473298874435,1.6220430016026317,3.1415926535897927,0.009,0.008,0.007,0.005,0.0034,0.0024,0.0011,0.023296331140733425,0.017413583269735567,0.022187161553159272,0.2569513146151074,True,490.70882602348104,1660.3663560595207,3.383608095078506,True,84.57764632992486,63796312.857039526,627352.4220230503,961062.1371525782,84.57764632992486,217.19770698843985,2.142930013490049e+24,4.285860026980098e+24,True,3.5616333903298787,61381278.632498465,15231408.740438899,15758283.959328594,3.5616333903298787,11.132733820319181,12249447233259.04,24498894466518.08,True,3.2804646295049777,74656429.87747107,18424369.573670823,28036258.060341727,3.2804646295049777,7.425642260317529,72932234702739.61,145864469405479.22,True,8.735702931105981e-18,True,1.528232224975219e-06,True,2.5667662695788487e-07,True,46251236.63071933,17890981.141429864,2.356194490192345,0.7853981633974483,1,0.06289707596362826,0.0017303097391816265,0.3308656387366114,0.7255076214535942,4.643922487769557,4.752417240882986,3.963717652735818,175.38955728211556,571.3902599715235,3.8917878334186398
10,0.115,0.178,0.05,0.25037473298874435,1.6220430016026317,3.1415926535897927,0.007,0.005,0.004,0.002,0.0029,0.0017,0.0013,0.011289927510475164,0.003972079992848717,0.022166200846974522,0.5006848449429223,True,18.315839678228762,60.721969593033904,3.315270861712742,True,17.606910824267946,69037952.89120005,3238170.3770648115,4777678.607293412,17.606910824267946,43.03973299312623,3.1557859876475953e+19,6.311571975295191e+19,True,1.3266989047851927,63796312.857039526,42206636.67104774,44516305.64378794,1.3266989047851927,3.9781860577046047,7092852540.632664,14185705081.265327,True,6.163364067561342,73333818.00882263,9599298.06599727,15142244.055760195,6.163364067561342,13.944159111109345,1.3784050879971114e+16,2.7568101759942228e+16,True,5.931961189153506e-13,True,0.002639276636974921,True,1.3580913305537095e-09,True,24477687.284523677,50068484.49429223,2.356194490192345,0.7853981633974483,1,0.037428208350298406,0.0013683202539971858,0.31667309603770916,0.7163767209609173,4.667964134421989,4.722555081097445,3.9175983526686453,29.883697829593633,323.689086719928,7.353635901452472
15,0.101,0.2,0.092,0.25003052321271674,1.7805179339198407,3.1415926535897927,0.008,0.004,0.004,0.003,0.0022,0.0015,0.0026,0.009087614580479214,0.00668137051164856,0.02194480338789809,0.4389039762787777,True,51.44714634066876,162.33031838691718,3.1552832359643577,True,9.05660531157051,67556481.57072048,6444734.135859098,7254143.450302366,9.05660531157051,25.184545071671945,6.7245038814385496e+16,1.3449007762877099e+17,True,1.5217955743080798,64102902.708237305,36934590.47454188,39094945.24153184,1.5217955743080798,4.537710203681569,21699554751.556377,43399109503.112755,True,2.9290497309864914,72219498.84944795,20978085.42608994,24599626.34907199,2.9290497309864914,7.569489264882567,13292484623128.074,26584969246256.15,True,2.7838484935182005e-10,True,0.00086269051205566,True,1.4083145875849574e-06,True,44988461.12886772,43890397.62787777,2.0943951023931953,0.7853981633974483,1,0.037713788480025864,0.0014215630715852796,0.27046128359979754,0.4984453814069349,7.395309600152353,7.453234985208089,5.306113248265897,42.307940970722434,152.7140241060231,4.001025940504986
17,0.098,0.213,0.107,0.24987108329741842,1.735121449034624,3.1415926535897927,0.004,0.009,0.005,0.004,0.0023,0.0018,0.0027,0.009845383852728817,0.011875934901614404,0.021921659274819098,0.29941446553638434,True,138.50128722232253,424.0593543136692,3.061771935974633,True,12.27227503717544,65735219.09362634,4612157.832997901,5468440.99295862,12.27227503717544,34.2241573101451,5.612475599524789e+17,1.1224951199049578e+18,True,14.81107359167991,63700235.179271095,3763993.2266732687,4070672.2198931365,14.81107359167991,44.03506472011496,1.4196900347358047e+18,2.8393800694716093e+18,True,2.480563202442953,70824265.14560658,24162344.559566863,29933986.46920917,2.480563202442953,6.377511994602378,2917922678402.4595,5835845356804.919,True,3.3354265275710116e-11,True,1.3185976897755484e-11,True,6.415522980975307e-06,True,53894603.796549186,5538182.254241491,2.0943951023931953,2.0943951023931953,1,0.043642978029162324,0.001826782557436762,0.2592183379679901,0.480826508456275,6.7972912348037955,6.857253099892546,5.073210190798707,58.10680316222428,171.7483013895011,3.339851994821144
18,0.098,0.213,0.107,0.24987108329741842,1.735121449034624,3.1415926535897927,0.009,0.003,0.005,0.007,0.001,0.0017,0.0011,0.0074317306415441625,0.020798456222135168,0.022187161553159272,0.5811185738394453,True,730.7720889711154,2272.6931020248207,3.1099889231191633,True,29.53900733286889,63796312.857039526,1862981.6865738616,2246681.057256489,29.53900733286889,83.94849443982545,3.857909871965684e+20,7.715819743931367e+20,True,1.1950203967359692,64688228.512790635,47138678.22158174,52212368.21287467,1.1950203967359692,3.472535140609741,3481851919.1127634,6963703838.225527,True,1.3555099640228363,75421685.75701076,46380168.05054849,59305155.9361995,1.3555099640228363,3.264407838152249,29216646821.86807,58433293643.73614,True,4.852368412241258e-14,True,0.0053764492100428505,True,0.0006407306120423257,True,104601343.29110016,57343235.70307751,2.0943951023931953,0.7853981633974483,1,0.050417348416838606,0.0013720469851992848,0.26371331655230995,0.4851110208637091,6.846141909144671,6.891225897989141,5.113672862185599,230.63131026870377,74.1878481518399,1.7208192011365404
21,0.119,0.163,0.032,0.24997917678135495,1.5740496591138189,3.1415926535897927,0.008,0.005,0.005,0.004,0.0032,0.0013,0.0015,0.013352759778758291,0.009106229507346702,0.02214174668975898,0.44427189829738795,True,208.59470788610057,724.1201718490291,3.4714215868046954,True,59.203778079803115,65735219.09362634,926072.8047376085,1353795.590286292,59.203778079803115,151.3245241492912,2.2925131009197903e+23,4.5850262018395806e+23,True,1.4864771820964273,63342180.57121437,37428961.02163089,39524099.31510352,1.4864771820964273,4.483252498215595,16785857016.65187,33571714033.30374,True,2.581830565132893,73333818.00882263,23009536.164856926,35528396.83129736,2.581830565132893,5.893614317107254,7874327191375.459,15748654382750.918,True,8.165711241732603e-17,True,0.001115224559665284,True,2.3773459681105856e-06,True,58170438.67191086,44427189.829738796,2.356194490192345,0.7853981633974483,1,0.044600735975863975,0.0013307303649298732,0.343063886282351,0.7465934892381889,4.950691838684702,5.018712083309154,4.057831344121659,107.74919245234511,269.0327834080864,3.094355210474247
22,0.119,0.163,0.032,0.24997917678135495,1.5740496591138189,3.1415926535897927,0.007,0.007,0.007,0.003,0.0022,0.0033,0.0033,0.016344370066874694,0.00956593019353004,0.021764453978433462,0.36445797667449004,True,123.21056548283981,427.6834764983328,3.471159107356735,True,50.71141963551511,65563855.92429537,1073176.2680231747,1618538.4783821364,50.71141963551511,128.17108516447934,6.503196945285341e+22,1.3006393890570681e+23,True,1.787100363721293,62658173.25503553,30877666.26673491,32249985.306515325,1.787100363721293,5.465116971754903,66339069431.13656,132678138862.27312,True,8.913608622022707,69319753.27428749,6286730.153929101,10382689.937605498,8.913608622022707,20.6965808111828,1.4365174787691054e+17,2.873034957538211e+17,True,2.8785842036617917e-16,True,0.00028218665351391976,True,1.3031515645768836e-10,True,16517169.433761582,36445797.667449005,2.356194490192345,0.7853981633974483,1,0.0476747542388382,0.0013636692353489292,0.3443963972237967,0.7463816044251744,4.933277168517968,5.016179011055701,4.056563381885885,76.41047665651999,391.35259044073985,10.897751017318663
24,0.119,0.163,0.032,0.24997917678135495,1.5740496591138189,3.1415926535897927,0.006,0.007,0.006,0.005,0.0031,0.0014,0.0013,0.013980315875635106,0.013666942824180033,0.022166200846974522,0.48535295491167085,True,485.7970744745902,1697.156652771162,3.4935505830427402,True,81.71309081346453,64324620.46266575,656515.3010392128,981290.7511302507,81.71309081346453,210.64765241464798,1.9068900203118358e+24,3.8137800406236715e+24,True,1.3489500619068406,63177055.74217016,41231151.569303356,42836650.06300472,1.3489500619068406,4.103830400001957,7577423976.485409,15154847952.970818,True,2.312865826234513,73333818.00882263,25641340.243131362,39949753.899219014,2.312865826234513,5.259860420246335,3122154012896.3213,6244308025792.643,True,9.817031816516979e-18,True,0.0024704965774770844,True,5.995860525353796e-06,True,65346502.51056247,48535295.49116708,2.356194490192345,0.7853981633974483,1,0.04981345954678966,0.0014888369429413432,0.34668068068691915,0.7498308180149303,4.958888533290994,5.029656259511766,4.074290960558808,151.28373013693732,296.13326619619073,2.7545468094624526
25,0.119,0.163,0.032,0.24997917678135495,1.5740496591138189,3.1415926535897927,0.008,0.006,0.004,0.008,0.0021,0.0022,0.0033,0.016045076917369408,0.014470360076428223,0.021764453978433462,0.31083133423898,True,1326.0816255793386,4634.369099833787,3.494784190082661,True,51.01215879997853,64102902.708237305,1050606.2554560504,1552264.7119660885,51.01215879997853,132.54594803893988,4.114542037597732e+22,8.229084075195464e+22,True,2.0859076456187333,62727331.620962925,26524124.352416843,27318310.0861675,2.0859076456187333,6.407585459263103,222031983628.71234,444063967257.4247,True,9.070920092804336,69665662.35846618,6192069.906715626,10316750.70975272,9.070920092804336,20.89791924056924,1.817521615492998e+17,3.635043230985996e+17,True,4.549716548996456e-16,True,8.431217743522965e-05,True,1.0299739953806408e-10,True,16322431.89057701,31083133.423898,2.356194490192345,0.7853981633974483,1,0.0522798909722311,0.001455898072522287,0.3478673262484699,0.7498241122928544,4.946766248205471,5.027693268127178,4.074054583622847,73.17943931620347,248.77126601128515,11.0277684849103
26,0.112,0.204,0.072,0.2504168695650096,1.5411101521861799,3.1415926535897927,0.006,0.008,0.004,0.007,0.0029,0.0017,0.0025,0.015054812016760262,0.01590312962690621,0.02196707413821939,0.3075383263819503,True,612.2913779104279,1982.1186725444852,3.237214738036781,True,45.372923650907175,64562488.99769557,1164413.7716271393,1933991.1506653882,45.372923650907175,111.34761551589988,2.208512684059155e+22,4.41702536811831e+22,True,2.176804619086818,62727331.620962925,25166500.736124814,28102991.712899763,2.176804619086818,6.476502480855106,335429459698.1306,670858919396.2612,True,4.35754429261618,71258750.11984718,12866257.189154657,23633276.523807067,4.35754429261618,9.452175545943577,644168290084950.2,1288336580169900.5,True,8.476292726376111e-16,True,5.580905152709915e-05,True,2.9060728831484834e-08,True,36345990.970343515,30753832.638195027,2.356194490192345,0.7853981633974483,1,0.05292501578188586,0.0020339718449134295,0.3002191775760852,0.7049543747668583,4.3206063700816895,4.382714509017435,3.8157737722997855,177.14128389310181,364.2929142741443,4.95240314528419
27,0.112,0.204,0.072,0.2504168695650096,1.5411101521861799,3.1415926535897927,0.004,0.008,0.005,0.003,0.0021,0.0038,0.003,0.009896694240347868,0.008495042827196698,0.02184698675903592,0.16194195395797822,True,60.99619178461624,195.03354285240923,3.197470811638414,True,8.86670825873121,66754775.11346164,6177446.203875707,9776903.059366237,8.86670825873121,21.624197534327735,7.375286695361352e+16,1.4750573390722704e+17,True,3.788900170419991,64102902.708237305,14820129.369640395,15811505.370453678,3.788900170419991,11.26286608361864,30619264438520.49,61238528877040.98,True,8.262204333495534,69665662.35846618,6626038.931610667,12519890.13727877,8.262204333495534,18.01949640357734,1.0356901543638811e+17,2.0713803087277622e+17,True,2.5382064146433583e-10,True,6.11379807558321e-07,True,1.8074903890051738e-10,True,19023432.82661639,16194195.395797823,2.356194490192345,0.7853981633974483,1,0.04023872382658049,0.0018005652397594294,0.293228559158761,0.6998972307034687,4.324009868561777,4.365852277687539,3.791153543343456,59.20249843360481,14.62242460791127,9.46201464480981
28,0.112,0.204,0.072,0.2504168695650096,1.5411101521861799,3.1415926535897927,0.002,0.006,0.006,0.004,0.0011,0.0013,0.0016,0.0037383607200401382,0.013670506082797837,0.02212820956701466,0.556542068466393,True,171.94307108331176,554.7620774468529,3.226428805485587,True,65.32977917978506,65097141.432109386,810347.2126325185,1380741.8132446443,65.32977917978506,157.45594812692994,5.0455348437631776e+23,1.0091069687526355e+24,True,13.481903214766778,67556481.57072048,4360966.376888729,4646754.678590309,13.481903214766778,38.3004755448272,1.6320191867500314e+18,3.2640383735000627e+18,True,1.649676536914662,74656429.87747107,35156250.761049844,65336489.493593484,1.649676536914662,3.433083814072421,276441393012.36206,552882786024.7241,True,3.71021122233254e-17,True,1.147045338191067e-11,True,6.771778927898424e-05,True,100177572.32395074,4954135.586855883,2.356194490192345,0.7853981633974483,1,0.03953707636985264,0.0015921664851576433,0.29442742007712897,0.7036934352810743,4.3634218096967485,4.379259618550232,3.809780274391183,138.73141902898644,65.68998977639401,1.796809363855637
30,0.112,0.204,0.072,0.2504168695650096,1.5411101521861799,3.1415926535897927,0.007,0.005,0.005,0.006,0.0036,0.0012,0.002,0.010973914703614366,0.017075773598971843,0.02206532744846041,0.5551525844900016,True,480.9728082396448,1560.2683428192738,3.243984516567244,True,45.81351380381577,64324620.46266575,1148673.198862121,1917596.1399338585,45.81351380381577,112.51457777530719,2.2252623141754267e+22,4.4505246283508534e+22,True,1.219482020255287,63796312.857039526,45641851.77640255,50516688.64075302,1.219482020255287,3.5878248411770697,3816058834.5895886,7632117669.179177,True,2.5227003393075598,73964587.8866962,22870585.17190486,42113106.52966008,2.5227003393075598,5.309024325432279,9607542356261.111,19215084712522.223,True,8.412491363714446e-16,True,0.0049055847436936355,True,1.948469161606185e-06,True,64635596.81098969,55515258.44900016,2.356194490192345,0.7853981633974483,1,0.05011501575104662,0.0018005652397594294,0.2994662889309695,0.7058607642007395,4.340527933395579,4.386068267798816,3.82024481667771,236.36571701543792,226.2879006226262,2.7848431650807535
35,0.092,0.279,0.169,0.2502226302837912,1.527305416544305,3.1415926535897927,0.006,0.007,0.004,0.007,0.0019,0.0037,0.0011,0.010804437425106945,0.02167644666093026,0.022187161553159272,0.3898394255437361,True,379.60672974858966,1059.6966980975485,2.791564572101703,True,13.21861823590476,64562488.99769557,4022917.617699251,6443424.8996801125,13.21861823590476,32.962804286896535,1.1271507248676403e+18,2.2543014497352806e+18,True,1.8521735280116913,63177055.74217016,29705904.84478524,33667695.107644744,1.8521735280116913,5.443907246218721,100405563476.78615,200811126953.5723,True,2.1619850365008677,74656429.87747107,27985850.48036575,42347508.18071875,2.1619850365008677,4.905211503725454,1978806020603.6714,3957612041207.343,True,1.660824908948913e-11,True,0.0001864438518322551,True,9.460250173632035e-06,True,70171096.5978725,36586623.81361643,2.0943951023931953,2.0943951023931953,1,0.05466804563919648,0.001781654808617892,0.2303074089670901,0.4420973730303461,5.095961535791407,5.145847736777417,4.382389542511003,24.626955121453708,262.6325640156384,2.565158715297281
38,0.102,0.185,0.079,0.2504571856529728,1.907026705379786,3.1415926535897927,0.006,0.005,0.007,0.008,0.0028,0.0027,0.0012,0.008570975268450371,0.028951886862505934,0.02217711788144575,0.6527761130831148,True,1874.4500736729583,6295.937679286978,3.3588185504189916,True,43.86886006653683,62212142.78443916,1247873.4736955152,1321900.5384282519,43.86886006653683,134.25305041312865,4.754139631679072e+21,9.508279263358144e+21,True,1.01588626990382,64324620.46266575,55672600.85151352,57413111.213938735,1.01588626990382,3.0507832837478124,866629380.6392444,1733258761.2784889,True,1.2441752055217663,73964587.8866962,51207162.51804003,53818436.384467885,1.2441752055217663,3.2849134268708435,9505229768.453375,19010459536.90675,True,3.93762098934996e-15,True,0.021600929322511227,True,0.0019694421340691053,True,104804759.03582573,65277611.30831148,2.0943951023931953,0.7853981633974483,1,0.05969998001240205,0.001615192273380012,0.29694535775733955,0.5214937273226294,8.639990959743901,8.697696194243397,5.848461047221473,248.78941086947117,81.49511273783916,1.7174792600636586
40,0.102,0.185,0.079,0.2504571856529728,1.907026705379786,3.1415926535897927,0.009,0.007,0.004,0.007,0.0014,0.0038,0.0026,0.018068988888540683,0.014325470416894057,0.02194480338789809,0.6137315177731777,True,733.7758913440896,2410.1636428520465,3.28460456562186,True,4.004311347536105,64562488.99769557,14208108.485548526,14327366.84449641,4.004311347536105,12.090213883234329,48266539167148.68,96533078334297.36,True,3.2189931152528173,61821352.21570749,16971127.624071814,17454306.030961752,3.2189931152528173,10.021660248557401,5902841018138.17,11805682036276.34,True,1.1556297994210796,72754613.06381544,54456841.296188205,56428326.822773196,1.1556297994210796,3.1113268424670846,4527617620.559474,9055235241.118948,True,3.878463283885343e-07,True,3.171354258479508e-06,True,0.004134624778160216,True,110471673.19917198,19870122.45562626,2.0943951023931953,0.7853981633974483,1,0.054339262693332835,0.0016226014122487276,0.29110293688237965,0.5142523472721362,8.502896425331132,8.62476224399896,5.772332011689035,6.522819490782244,224.09836325234346,1.6293769686594117
44,0.099,0.187,0.085,0.2502953407428976,1.9437407434150595,3.1415926535897927,0.004,0.008,0.004,0.006,0.0021,0.003,0.0035,0.008799652108385408,0.012415095620983776,0.02170506531091,0.20685566084647108,True,464.6819545718946,1485.47862060149,3.1967641652235925,True,6.94436052038818,65097141.432109386,8204833.730608713,8675594.565518856,6.94436052038818,20.437870055651622,4503761728903212.0,9007523457806424.0,True,5.202297707855845,64102902.708237305,10784016.321369562,11588613.906086687,5.202297707855845,15.420627637094158,382403468938626.6,764806937877253.2,True,3.369624036653766,69665662.35846618,17843184.98514825,19630592.34563111,3.369624036653766,9.206437796614427,27749706167609.695,55499412335219.39,True,4.1565253951742305e-09,True,4.895353081382335e-08,True,6.746017376519308e-07,True,37234018.952364795,12821675.750955222,2.0943951023931953,0.7853981633974483,1,0.042919813040279184,0.0017122394745243766,0.2773983301596195,0.497010621192204,8.46326038331947,8.523086053240837,5.6892961323798,22.46903801260894,66.41636052355882,4.8342887785033986
45,0.099,0.187,0.085,0.2502953407428976,1.9437407434150595,3.1415926535897927,0.006,0.005,0.004,0.006,0.0023,0.0025,0.0038,0.00833077742220207,0.012415759868148439,0.021609432088942074,0.5729682417119475,True,464.7649940392926,1485.47862060149,3.196193000017345,True,3.46820802157351,65097141.432109386,16284105.77710629,18442138.474138442,3.46820802157351,9.934849202347408,18629600748503.055,37259201497006.11,True,1.1759200481419625,64324620.46266575,47855944.438127436,51402023.2690793,1.1759200481419625,3.475791495325477,2887972500.978097,5775945001.956194,True,6.933963364999602,68990827.91667391,8597433.010269323,9467099.741008626,6.933963364999602,19.098196712317037,9760365128161494.0,1.9520730256322988e+16,True,1.0048524524340226e-06,True,0.0064820561808188685,True,1.917961034673524e-09,True,32038358.252835046,57296824.17119475,2.0943951023931953,0.7853981633974483,1,0.042355969379292584,0.0015046952957941488,0.2771888074667216,0.4969209154959079,8.464890138911557,8.52153768516145,5.688268147427218,5.618265411089594,98.13292845359948,10.160020233596248
46,0.114,0.2,0.064,0.2499628965134077,1.5057197479918698,3.1415926535897927,0.008,0.006,0.005,0.007,0.0015,0.0037,0.0025,0.015350282964634419,0.0194568700657013,0.02196707413821939,0.32992851544945606,True,778.7502096867248,2577.7453336441017,3.310105476159134,True,39.62998100832121,63796312.857039526,1308538.6977806366,2280834.5792151913,39.62998100832121,96.11705815360396,6.33497819951018e+21,1.266995639902036e+22,True,2.0138562551263504,62727331.620962925,27267217.818287216,29880989.108756714,2.0138562551263504,6.0369348147778465,178724625599.84744,357449251199.6949,True,4.211487897979642,72219498.84944795,13176339.95773476,26563678.09795033,4.211487897979642,8.68142534602209,682566271652566.9,1365132543305133.8,True,2.955022008039022e-15,True,0.00010474214136507879,True,2.7425908336602764e-08,True,39509193.15223121,32992851.54494561,2.356194490192345,0.7853981633974483,1,0.05677422716855511,0.0017032008487202544,0.3092480046521882,0.723776764633612,4.363656713307764,4.4269111916151545,3.850083850124294,152.71382899751612,312.0453645574074,4.555901693726055
48,0.114,0.2,0.064,0.2499628965134077,1.5057197479918698,3.1415926535897927,0.002,0.009,0.009,0.003,0.0016,0.0014,0.0018,0.005690799007542117,0.01509803485244978,0.02209851523325293,0.41004458588105497,True,111.07156526229042,365.24321637056363,3.288359315978473,True,71.94870302162359,64688228.512790635,718871.0522506788,1345606.072465083,71.94870302162359,167.11253220957815,1.0929774239300295e+24,2.185954847860059e+24,True,29.324440285684773,66106800.8405103,1971165.6042322817,2068859.6306785138,29.324440285684773,85.39550620099472,6.067850319361911e+20,1.2135700638723822e+21,True,2.204438760976495,72754613.06381544,25737620.22894509,48237650.61726525,2.204438760976495,4.663720673861838,2653701798895.095,5307403597790.19,True,1.7127526690064936e-17,True,3.0851123568863145e-14,True,7.054296759264484e-06,True,73808025.4585899,2870312.1011673845,2.356194490192345,2.356194490192345,1,0.04288734909324483,0.0017924161312722682,0.30254891493346575,0.7210073547526334,4.394406786170991,4.418502191163296,3.837009876650101,95.78064829344086,49.21292646793384,2.4387591848123518
49,0.114,0.2,0.064,0.2499628965134077,1.5057197479918698,3.1415926535897927,0.006,0.005,0.004,0.003,0.002,0.0012,0.0025,0.009581651332476538,0.006683344802949771,0.02196707413821939,0.5626863825930115,True,50.03999367723026,162.33031838691718,3.2440115687061426,True,19.47486780402364,67556481.57072048,2823826.027632284,4612044.842308581,19.47486780402364,46.39671748397961,5.6746220449403855e+19,1.1349244089880771e+20,True,1.1921642633839802,64324620.46266575,47271927.78108481,50190581.81389795,1.1921642633839802,3.5398226603612932,3184340567.9724827,6368681135.944965,True,2.515283388444206,73964587.8866962,22937468.480483603,42240921.15129595,2.515283388444206,5.293165448687084,9369723316722.5,18739446633445.0,True,3.298898120746412e-13,True,0.005878768178341962,True,1.9979245242588655e-06,True,64829251.81254116,56268638.259301156,2.356194490192345,0.7853981633974483,1,0.038232070273645696,0.0015004388429202245,0.29831486642535965,0.7151334480554852,4.358298906020652,4.399209386611243,3.808957102077733,63.98119911046257,264.87790421244216,2.7765244078473104
50,0.114,0.2,0.064,0.2499628965134077,1.5057197479918698,3.1415926535897927,0.007,0.007,0.006,0.008,0.0021,0.002,0.001,0.0156797938361358,0.026800823724230205,0.022196331862115105,0.5155686975754128,True,1378.526977718696,4617.395723005644,3.3495142261538504,True,72.28509360660378,62727331.620962925,707128.1843915163,1236993.6478443888,72.28509360660378,177.45801434842215,5.1021994396139695e+23,1.0204398879227939e+24,True,2.1862716816353065,62658173.25503553,25172622.3886791,26881105.257755708,2.1862716816353065,6.627767416453781,329637602475.1228,659275204950.2456,True,1.7476304234352156,75421685.75701076,33944528.07657614,58993679.03162489,1.7476304234352156,3.7121439151321503,438710494055.2363,877420988110.4727,True,3.669005930002679e-17,True,5.678963764885642e-05,True,4.267050880629958e-05,True,92802365.5635743,30051494.108522993,2.356194490192345,0.7853981633974483,1,0.0646769494224811,0.0018735209335922808,0.31447972870129454,0.7290596441155357,4.381410672395092,4.445068735468536,3.8754008680832737,362.3134790743389,321.4017365018706,1.9396057299497493
51,0.107,0.193,0.076,0.24996449076047664,1.7153350747645895,3.1415926535897927,0.009,0.005,0.009,0.003,0.0016,0.0039,0.004,0.013535729297446336,0.014578634612491847,0.021541309793841633,0.34653248094886324,True,124.26579627483318,392.21801000892765,3.156282917476957,True,44.68144647468479,64688228.512790635,1239267.416498866,1556763.4481307857,44.68144647468479,123.38919586486647,1.4168281298583924e+22,2.833656259716785e+22,True,1.928648405821367,62944291.579415806,28532188.907817904,31494066.581586204,1.928648405821367,5.747484949496803,131188949740.74257,262377899481.48514,True,2.9485542548540864,71722496.3373247,20347298.97222548,26784507.12478525,2.9485542548540864,7.3198977202335795,15276359555054.258,30552719110108.516,True,1.3212611752613217e-15,True,0.00014269494524496708,True,1.2254228458380581e-06,True,46685753.73296661,34653248.094886325,2.0943951023931953,0.7853981633974483,1,0.04965567370377982,0.0014225196683579733,0.29486385461957615,0.5928218122051325,7.509382192885258,7.594604164627543,5.428374547163303,83.49271787469497,230.84951195744128,3.8555658976732996
53,0.107,0.193,0.076,0.24996449076047664,1.7153350747645895,3.1415926535897927,0.005,0.008,0.008,0.009,0.0025,0.0035,0.0031,0.011908855779651754,0.038861844527626255,0.021820349194926134,0.30996596036850793,True,2862.6864579364023,9413.232240214264,3.288251220847948,True,60.30389764065787,61381278.632498465,872757.7337715192,1141833.9031527843,60.30389764065787,171.2505868071183,5.39453458565855e+22,1.07890691713171e+23,True,2.115537239912429,63342180.57121437,26353865.597308606,27355970.86470954,2.115537239912429,6.423404402729336,267592472794.6564,535184945589.3128,True,6.728676009887306,68378040.98550668,8530979.416805856,11522290.025780937,6.728676009887306,17.204177153643048,8681276934074599.0,1.7362553868149198e+16,True,3.47017888248736e-16,True,6.995712474455606e-05,True,2.1563648000356648e-09,True,19872159.68085184,30996596.036850795,2.0943951023931953,0.7853981633974483,1,0.07259104950220414,0.0019648061717651567,0.3100328722858037,0.606658768531028,7.6208777910555945,7.695017536255852,5.541204709233268,311.25748099108813,116.68569381429627,9.05789823002691
56,0.086,0.305,0.202,0.25017997723320556,1.502948673223037,3.1415926535897927,0.003,0.009,0.007,0.003,0.002,0.002,0.0021,0.006448074703614365,0.0178704916440582,0.0220474235119276,0.15476982200442824,True,45.98237738430537,122.15127424976303,2.656480182154642,True,30.841454473979734,65563855.92429537,1749985.712339393,2768833.5282283174,30.841454473979734,76.34737785100181,1.2779118659563285e+21,2.555823731912657e+21,True,52.252135137106485,64688228.512790635,1080573.0628895003,1175453.402441527,52.252135137106485,152.9237379533037,4.228554846974868e+22,8.457109693949735e+22,True,5.339480483896448,70030306.25476688,10593665.44520507,17393580.18860703,5.339480483896448,12.327043701049194,2332821736140536.0,4665643472281072.0,True,1.464889754818173e-14,True,4.4270443869002657e-16,True,8.024616587708377e-09,True,27858567.960797083,2261317.756360243,2.0943951023931953,2.0943951023931953,1,0.046365989859600165,0.0016671148522975844,0.21562690861189182,0.3333042359956931,4.834050982649622,4.8622373580651175,4.2307945436732926,79.92576249100516,149.2259599316427,6.461207921860815
58,0.086,0.305,0.202,0.25017997723320556,1.502948673223037,3.1415926535897927,0.005,0.007,0.003,0.002,0.0025,0.0015,0.0013,0.008432487289792427,0.0050935467536733494,0.022166200846974522,0.31986050607131133,True,5.9942721211039425,15.511272920604828,2.587682475407569,True,3.810095538240322,70108734.45149384,15097696.197508097,22755938.7787995,3.810095538240322,9.114052064377272,124613625188851.14,249227250377702.28,True,2.076135678912331,63796312.857039526,26973083.60799587,28431335.7184311,2.076135678912331,6.226940092402356,246169657330.81622,492339314661.63245,True,2.977209539004135,73333818.00882263,19864900.96240689,31395854.168533187,2.977209539004135,6.730294922865156,27630098083969.387,55260196167938.77,True,1.5022434321792631e-07,True,7.604511540121714e-05,True,6.775220248262923e-07,True,51041500.20305044,31986050.607131135,2.0943951023931953,2.0943951023931953,1,0.035692234890440294,0.0015189268654266879,0.2108521884934024,0.32934429727284664,4.794524641241478,4.832023722974152,4.189185423341452,20.26873493119209,314.5944371396916,3.526542113455405
59,0.086,0.305,0.202,0.25017997723320556,1.502948673223037,3.1415926535897927,0.005,0.008,0.006,0.003,0.0025,0.0015,0.0021,0.009637128331191347,0.015308647530252985,0.0220474235119276,0.32567506583349287,True,39.620949238169274,104.7010922140826,2.6425690001696798,True,23.587543510162302,66106800.8405103,2309338.480004431,3604054.4496600037,23.587543510162302,58.342140308199944,1.690440617813735e+20,3.38088123562747e+20,True,3.679799924423972,63342180.57121437,15041785.91582989,16559749.252285447,3.679799924423972,10.917191147982297,22369445115669.4,44738890231338.8,True,2.5798556064484295,72219498.84944795,22575004.9697612,36239400.07351844,2.5798556064484295,5.865909886296147,7141009757604.568,14282019515209.137,True,1.1074035847654193e-13,True,8.368558050144469e-07,True,2.6214780031724213e-06,True,58621511.850028716,18242876.343315717,2.0943951023931953,2.0943951023931953,1,0.04699319937337193,0.0016300678555798602,0.21524884417343662,0.33249517780365784,4.813833987620238,4.855910738476743,4.2222594731338505,74.71719980740455,360.44337125547526,3.0705451688194874
60,0.086,0.305,0.202,0.25017997723320556,1.502948673223037,3.1415926535897927,0.006,0.007,0.005,0.007,0.0017,0.0012,0.002,0.010144482937035437,0.029749035865467153,0.02206532744846041,0.5607085172998393,True,407.3435177414929,1108.4097107848868,2.721068735622552,True,21.35312533103246,63796312.857039526,2467658.427801107,3937070.573292825,21.35312533103246,53.86644773589543,4.161742686054596e+19,8.323485372109192e+19,True,2.493883526857316,63177055.74217016,21989302.338962827,25561653.00978077,2.493883526857316,7.255374733687988,1074909401678.2388,2149818803356.4775,True,1.5428463045004543,73964587.8866962,38308628.544050746,62896588.22447419,1.5428463045004543,3.4089151825945776,114753026062.4735,229506052124.947,True,4.498115672246639e-13,True,1.7415421216683717e-05,True,0.00016313295293675755,True,100927533.11397107,27451391.723130867,2.0943951023931953,2.0943951023931953,1,0.061958846250963,0.0016448866542669498,0.2212857384933849,0.3370654259277975,4.848758901526395,4.891986461455076,4.270489798361223,266.7211276648089,301.73124846754456,1.783457837979032
61,0.112,0.176,0.055,0.24997335074441432,1.732177250086646,3.1415926535897927,0.008,0.006,0.008,0.001,0.0017,0.0018,0.0026,0.015098494294429672,0.0039413339310575505,0.02194480338789809,0.26482700961542716,True,4.761140755126142,15.5274638799852,3.261290660913009,True,10.465557099897229,69037952.89120005,5508162.987625394,7615444.774768081,10.465557099897229,26.288502845126114,3.9177779178296634e+17,7.835555835659327e+17,True,2.4830052724550464,62727331.620962925,22186844.06688649,23683802.761999752,2.4830052724550464,7.521149664337026,902320282552.7389,1804640565105.4778,True,4.975039878312532,71258750.11984718,11736876.179536559,17530752.950017974,4.975039878312532,11.787767245267505,1394493117046197.2,2788986234092394.5,True,4.7782187741694e-11,True,2.074651358499841e-05,True,1.3424232627015424e-08,True,29049815.58267084,26482700.961542718,2.356194490192345,0.7853981633974483,1,0.04098463161338531,0.0013036989277063185,0.3133100893415598,0.692931925664145,4.670558149217852,4.744960993866783,3.9021738763274194,14.965188540300005,528.8963018182568,6.196252760632871
63,0.112,0.176,0.055,0.24997335074441432,1.732177250086646,3.1415926535897927,0.008,0.009,0.004,0.004,0.0033,0.0029,0.0024,0.02265915822246966,0.007822596497234198,0.02198847152578299,0.1850336132188414,True,151.41417271686188,496.8788441595264,3.2815874184292437,True,11.531846293038903,66524680.9639886,4919037.9543588655,6169518.8028857075,11.531846293038903,31.11315634242468,4.3389590896332806e+17,8.677918179266561e+17,True,3.4920544507858704,61381278.632498465,15470423.102321176,16579574.386154905,3.4920544507858704,10.764431420752791,10854347876560.682,21708695753121.363,True,15.305006984924459,68677366.32671957,3735795.086881219,5284883.7037127195,15.305006984924459,38.24545890712117,8.539801319440474e+18,1.7079602638880948e+19,True,4.314398825452437e-11,True,1.7246545083030484e-06,True,2.1920884690121257e-12,True,8934134.91130498,18503361.32188414,2.356194490192345,0.7853981633974483,1,0.05247022624548685,0.001740652963915579,0.3189259076466656,0.6955266116705195,4.643855371945945,4.753723097136356,3.9158957920673685,64.40361004334812,639.9836953043289,20.147445923637612
66,0.111,0.194,0.068,0.2497310404864361,1.6111570779737747,3.1415926535897927,0.005,0.007,0.008,0.007,0.001,0.0018,0.0019,0.010871716483378811,0.03038523363942096,0.02208235802223552,0.8876429334372444,True,1319.118285478394,4383.45470701516,3.3230186824568566,True,125.32380757004148,62212142.78443916,410513.2897296296,666890.6256256343,125.32380757004148,320.2141695264208,2.835520025067625e+25,5.67104005013525e+25,True,1.5104597328546687,63796312.857039526,37022896.74339046,39470935.27435864,1.5104597328546687,4.5101675638363705,20028975302.76914,40057950605.53828,True,1.041161238473524,75421685.75701076,56222116.37803463,103859013.11977431,1.041161238473524,2.155157207362921,5499001594.335311,10998003188.670622,True,6.601963602621195e-19,True,0.0009346459175778122,True,0.0034042543321471377,True,159775728.018704,44161610.69984219,2.356194490192345,0.7853981633974483,1,0.06333930814503529,0.001699855740589995,0.3123027720235646,0.7056952191968185,4.481698690763583,4.528487482199596,3.898239058804774,392.2415969717472,239.95008417503377,1.1265791258289775
67,0.111,0.194,0.068,0.2497310404864361,1.6111570779737747,3.1415926535897927,0.006,0.007,0.009,0.008,0.0014,0.0027,0.001,0.013058342403597644,0.039056532454773675,0.022196331862115105,0.5341733122676539,True,2184.7568440934474,7361.136767465689,3.36931626389762,True,158.00519692869443,61381278.632498465,321173.00706923986,529599.6516148284,158.00519692869443,405.5137368114631,1.2690530598270255e+26,2.538106119654051e+26,True,1.51758532392597,63177055.74217016,36689147.149278246,37773605.02178316,1.51758532392597,4.633188942673516,19012298823.013695,38024597646.02739,True,1.6098530298353853,75421685.75701076,37700706.36793396,58592302.39489899,1.6098530298353853,3.582814624161611,176437780343.58572,352875560687.17145,True,1.4751156269661075e-19,True,0.000984625803237435,True,0.00010609972514699317,True,96151196.20817769,42989341.72747161,2.356194490192345,0.7853981633974483,1,0.07431120672048643,0.0017710124925216695,0.3189692430417093,0.7114967101643579,4.493518789499317,4.548638522207656,3.9275437577550383,536.9998546396938,268.1176417923824,1.8720515926840955
68,0.111,0.194,0.068,0.2497310404864361,1.6111570779737747,3.1415926535897927,0.008,0.006,0.006,0.003,0.0023,0.0015,0.003,0.014966598672104361,0.009746660017319235,0.02184698675903592,0.2657823105685478,True,80.5435652760638,258.7899644812157,3.2130433212660843,True,38.99921730093801,66106800.8405103,1399493.959326701,2159659.0620471165,38.99921730093801,96.93317424908903,9.631470217359258e+21,1.9262940434718515e+22,True,2.4962805121509266,62727331.620962925,22007667.905522272,24028986.54289734,2.4962805121509266,7.49402848954945,961643753702.9077,1923287507405.8154,True,3.7935316340071337,72219498.84944795,15208422.114934243,25608907.840150658,3.7935316340071337,8.452292209697095,202582564087886.72,405165128175773.44,True,1.943628498820466e-15,True,1.946666832485182e-05,True,9.240676799746039e-08,True,40580247.620775804,26578231.056854777,2.356194490192345,0.7853981633974483,1,0.04656024544845952,0.001565448542496833,0.3000358593735649,0.691933906251223,4.415668390275973,4.48195105568967,3.828750806597008,84.39447924121436,441.1895252647692,4.4356555357204295
69,0.111,0.194,0.068,0.2497310404864361,1.6111570779737747,3.1415926535897927,0.008,0.008,0.008,0.002,0.0036,0.0012,0.0034,0.019924599525782988,0.008674655420749633,0.02173519632605058,0.5866763624149962,True,31.882348881233803,102.23801065924572,3.2067276799490707,True,27.769091279906192,66524680.9639886,1962542.456839131,3144471.8261920577,27.769091279906192,67.55414825180998,7.400048234367737e+20,1.4800096468735474e+21,True,3.1387185470589962,61769287.36939207,17241360.57384564,19067017.81870657,3.1387185470589962,9.501939091578059,5151873867057.343,10303747734114.686,True,1.4898914054833432,73964587.8866962,39485431.40648606,66338833.06830868,1.4898914054833432,3.2601218795352196,88506629751.12439,177013259502.24878,True,2.5297132406596324e-14,True,3.6336293323680544e-06,True,0.0002115095790297244,True,105601745.23469931,20961996.02275174,2.356194490192345,0.7853981633974483,1,0.0503344512725832,0.0017868251040620415,0.3011706180084064,0.6910885912759197,4.391104242595655,4.478728504980494,3.8244181129232815,45.02847676649209,626.6795326257037,1.7045172842546397
71,0.088,0.238,0.144,0.2504722209031141,1.7175197310816706,3.1415926535897927,0.007,0.008,0.008,0.002,0.0026,0.0021,0.0024,0.013870578759930275,0.010641909503771058,0.02198847152578299,0.1863141689555574,True,24.8061368898081,67.93005029961465,2.7384372907949452,True,19.308962781719206,66524680.9639886,2965785.387685395,3481314.5243897294,19.308962781719206,53.51243267594329,2.6120564536007496e+19,5.224112907201499e+19,True,3.5399808699758486,62212142.78443916,15400985.809706168,16871893.760327853,3.5399808699758486,10.690090397769744,13903229903257.678,27806459806515.355,True,4.763329847704559,69665662.35846618,12496660.204698859,14758880.744002998,4.763329847704559,12.65797661654673,533956491987090.75,1067912983974181.5,True,7.166767002372505e-13,True,1.3464497192565089e-06,True,3.505903623408438e-08,True,27081159.160525266,18631416.895555742,2.0943951023931953,0.7853981633974483,1,0.04650095978948432,0.0014844191949852784,0.22615614957985425,0.42239341713604917,6.074938408450186,6.155524112260411,4.722522063999142,35.29547875805478,465.2954487730412,6.64668742327604
73,0.088,0.238,0.144,0.2504722209031141,1.7175197310816706,3.1415926535897927,0.004,0.006,0.006,0.003,0.003,0.0021,0.0029,0.005865819081289055,0.011950646170847342,0.02187275096038801,0.6316215374656764,True,62.63993513631122,171.94793982089956,2.7450210388424314,True,18.904857592794244,66106800.8405103,3022323.256694463,3466811.22366914,18.904857592794244,53.16579600006513,1.926700420468474e+19,3.853400840936948e+19,True,1.0763137068935393,65097141.432109386,52857097.21452558,56571143.64901576,1.0763137068935393,3.152751038282889,1500943248.1815188,3001886496.3630376,True,6.32191196571269,69665662.35846618,9413256.067586979,11137757.083066056,6.32191196571269,16.787493515327597,5612886323681064.0,1.1225772647362128e+16,True,9.716092756884468e-13,True,0.012472157106992808,True,3.335182457022037e-09,True,20318987.05709277,63162153.74656764,2.0943951023931953,0.7853981633974483,1,0.03968921621252441,0.0014088237730184355,0.22433943319179042,0.4228241584431991,6.123726944610673,6.1579843031709585,4.726695103965612,66.18008504933174,72.48880772832386,8.858709319230911
74,0.088,0.238,0.144,0.2504722209031141,1.7175197310816706,3.1415926535897927,0.004,0.006,0.006,0.003,0.0013,0.002,0.0024,0.005906906488630478,0.01195567784613651,0.02198847152578299,0.5061520623024769,True,62.62574932164424,171.94793982089956,2.745642833553645,True,21.8467281866296,66106800.8405103,2614159.3343568677,3008587.872517969,21.8467281866296,61.357906963730194,6.214303075676603e+19,1.2428606151353206e+20,True,1.3434174610667537,65097141.432109386,42347075.38015576,45329058.50373199,1.3434174610667537,3.934936278747126,8855062026.64515,17710124053.2903,True,1.5969288029345947,73333818.00882263,38825496.19740826,46738416.66848987,1.5969288029345947,4.032073668027649,90234230194.56006,180468460389.12012,True,3.0124053770843477e-13,True,0.0021140450449325995,True,0.0002074600731854924,True,85189810.37758577,50615206.23024769,2.0943951023931953,0.7853981633974483,1,0.039851055860549975,0.0012919944845242238,0.2244025449115057,0.4229189830106943,6.124862565907493,6.159358772282126,4.727753646534351,66.16536139943018,151.74563613702196,2.1129287552371365
77,0.085,0.248,0.157,0.24984867288722923,1.6921127112393222,3.1415926535897927,0.005,0.006,0.006,0.008,0.0034,0.0034,0.0016,0.007069677795630346,0.033180082357226096,0.02212820956701466,0.6361055506933554,True,1085.4396260211397,3002.9888937341607,2.7666107093787593,True,24.603084361007216,62727331.620962925,2205644.356743448,2648239.309005469,24.603084361007216,71.0771052125678,6.73299795848522e+19,1.346599591697044e+20,True,1.0924611786057234,64324620.46266575,50997958.21358614,59188068.05901024,1.0924611786057234,3.1310685362813797,1741287998.2606547,3482575996.5213094,True,4.29733156871922,71722496.3373247,14260391.811505497,16361733.94410487,4.29733156871922,11.266363503088662,306512759544235.7,613025519088471.4,True,2.7803365032077923e-13,True,0.010750662738558535,True,6.107412959850484e-08,True,30507934.708711166,63610555.06933554,2.0943951023931953,0.7853981633974483,1,0.062377969719871106,0.001546115247445842,0.22450589611755742,0.4141289513855056,5.913503991557131,5.952928703490063,4.689598226287289,300.61110170565917,125.69696031057308,5.9001044062351164
82,0.114,0.16,0.041,0.25005846224273326,1.8669686872610802,3.1415926535897927,0.009,0.009,0.008,0.003,0.0025,0.0034,0.0027,0.025984822708921478,0.010755224340130452,0.021921659274819098,0.17406687455331457,True,149.4088996321249,507.28224495911627,3.3952612341577266,True,19.8080539450799,65097141.432109386,2882329.647462858,2998055.3468329767,19.8080539450799,58.669627980933434,1.9541607258430525e+19,3.908321451686105e+19,True,3.948368928941774,60995707.2036315,13691644.450840924,13910474.766946651,3.948368928941774,12.49904028302553,25318266671832.64,50636533343665.28,True,3.916685734959662,68378040.98550668,15132857.994452799,16425015.109906739,3.916685734959662,10.932295686059408,78109846487001.3,156219692974002.6,True,9.579560039476246e-13,True,7.393871090245914e-07,True,2.396624861260648e-07,True,31332037.419596624,15933143.520221172,2.0943951023931953,0.7853981633974483,1,0.05866170632387102,0.0014987028646786338,0.342873486794012,0.6529561929977601,10.680609654883385,10.864592495007651,6.75233053817908,33.577506003076124,339.19028441647924,5.744918454853465
87,0.109,0.188,0.069,0.25040290668971465,1.7154312706609245,3.1415926535897927,0.007,0.005,0.008,0.007,0.0016,0.0034,0.0014,0.010694801473266308,0.029434834371528665,0.0221544104497456,0.5567235891000376,True,1416.8138736158085,4667.714501845365,3.2945149597759302,True,77.29545379369705,62212142.78443916,691477.3613278596,880287.7685618922,77.29545379369705,219.4984437809734,4.807468317254704e+23,9.614936634509408e+23,True,1.1964618019402182,63796312.857039526,46758699.829696454,49681545.05115139,1.1964618019402182,3.577344711497242,3150951651.2114854,6301903302.422971,True,2.622547819746742,72754613.06381544,23222617.097285964,30002797.869684465,2.622547819746742,6.481865857017616,6362476981847.22,12724953963694.44,True,3.893941418773618e-17,True,0.005941062279645735,True,2.9422503300852833e-06,True,52791014.90472607,55672358.91000376,2.0943951023931953,0.7853981633974483,1,0.062284046294540575,0.001541273042383581,0.31255441982834253,0.6164392655786366,7.877336336839612,7.945249346241492,5.626277377699377,256.19251133584504,114.17401548094658,3.409671140531258
89,0.109,0.188,0.069,0.25040290668971465,1.7154312706609245,3.1415926535897927,0.007,0.009,0.008,0.005,0.0025,0.0019,0.0018,0.019281812472204708,0.021036538313872116,0.02209851523325293,0.2936437417428041,True,523.4626387312496,1701.062136241022,3.249634282140931,True,54.04223631047112,63342180.57121437,1006091.6608656262,1265752.945756705,54.04223631047112,151.85897793992578,4.175306966280607e+22,8.350613932561214e+22,True,3.1845304232595972,61821352.21570749,17088321.977626175,18162479.73145413,3.1845304232595972,9.78701145146242,5594567327019.619,11189134654039.238,True,2.5551278256858607,70824265.14560658,23361248.789810583,29715009.834828038,2.5551278256858607,6.500081372349161,3870396461121.034,7740792922242.068,True,4.483502686432636e-16,True,3.3461032651425187e-06,True,4.836713806465676e-06,True,52855873.51370474,20349439.199325584,2.0943951023931953,0.7853981633974483,1,0.062416866019329754,0.0018403260207565148,0.3102412995703907,0.6115864287278396,7.786943272195959,7.909361725930496,5.586706441882457,112.4333167239624,318.2053236165033,3.4054871868370253
90,0.109,0.188,0.069,0.25040290668971465,1.7154312706609245,3.1415926535897927,0.005,0.008,0.006,0.004,0.0024,0.0023,0.0028,0.012189106830548753,0.012598823469914259,0.0218976417989824,0.2507672710381482,True,203.89340758090643,653.2078603165523,3.2036732725522508,True,24.990736056556027,65097141.432109386,2235746.3403533106,2738637.992003142,24.990736056556027,69.35531654759926,1.4934932726018386e+20,2.986986545203677e+20,True,2.665897896816894,63342180.57121437,20789278.108067475,22653776.113477256,2.665897896816894,7.941430596491165,1739568274821.5667,3479136549643.1333,True,4.974160406826401,68990827.91667391,11754837.23224097,14807014.305386519,4.974160406826401,12.988552379764393,737102505908649.5,1474205011817299.0,True,1.2534371827057237e-13,True,1.0761290758720104e-05,True,2.5396739055883775e-08,True,26358383.813916083,25076727.10381482,2.0943951023931953,0.7853981633974483,1,0.04668557209944541,0.001717637619372747,0.30189428976468374,0.6065440455506523,7.7932724635219826,7.871222494767862,5.545419715693162,63.2045125315218,204.85036119573658,6.828946769678944
91,0.086,0.273,0.176,0.2497075577639581,1.5879362171330413,3.1415926535897927,0.009,0.006,0.007,0.004,0.0024,0.0028,0.0025,0.013122465997429616,0.02133353918744036,0.02196707413821939,0.16243089752804882,True,135.85328477791788,361.4003727971608,2.6602255027395865,True,39.765198151162416,64562488.99769557,1369292.7774773466,1902449.9797308135,39.765198151162416,105.44838809222122,6.067294129363001e+21,1.2134588258726003e+22,True,4.138118411707562,62333304.85219989,13125905.669561109,15011447.192024384,4.138118411707562,12.26128135426027,50112608096406.95,100225216192813.9,True,11.965853327296484,68677366.32671957,4725783.648870383,7128968.876244966,11.965853327296484,29.102252389418236,1.2313528442601892e+18,2.4627056885203784e+18,True,3.085395169718827e-15,True,3.73558685350927e-07,True,1.520279104990998e-11,True,11680834.748388238,16243089.752804883,2.0943951023931953,0.7853981633974483,1,0.05642307932308937,0.0014347404142380747,0.21371638811334526,0.410504142413043,5.284285147199931,5.34939473690179,4.442680035448603,149.8191770597619,405.91239789344957,15.409857589573127
94,0.086,0.273,0.176,0.2497075577639581,1.5879362171330413,3.1415926535897927,0.003,0.007,0.008,0.003,0.0021,0.0011,0.0024,0.005028192772780404,0.01828566496184134,0.02198847152578299,0.7948761374478456,True,65.92098118306806,174.24660831291678,2.6432647874129698,True,42.081899916643614,65097141.432109386,1300196.0673255054,1830579.0775039147,42.081899916643614,110.19635203434491,1.1453837498964221e+22,2.2907674997928443e+22,True,9.747851806773848,65563855.92429537,5853438.973038547,6427890.667759492,9.747851806773848,28.091420887680197,7.806015725560144e+16,1.5612031451120288e+17,True,1.0381042864028935,74656429.87747107,58845334.770407796,84563219.63190906,1.0381042864028935,2.405714229795111,3245390556.4918065,6490781112.983613,True,1.6343867286132584e-15,True,2.3981504339919444e-10,True,0.005768180955156256,True,143077704.7406122,6997531.228284252,2.0943951023931953,0.7853981633974483,1,0.04530232926040473,0.001448806496730605,0.20981099638734443,0.4093413734947775,5.316444273945392,5.341729230237048,4.4319507651396055,96.31108600647374,90.74436612412053,1.2580576430571402
95,0.086,0.273,0.176,0.2497075577639581,1.5879362171330413,3.1415926535897927,0.009,0.006,0.007,0.005,0.0032,0.0035,0.0026,0.01311859307369059,0.026652132174702022,0.02194480338789809,0.17878203196359999,True,262.4117340897407,705.8601031194547,2.689895349260798,True,37.71067549701592,63796312.857039526,1428284.9653987328,1994540.9584061506,37.71067549701592,100.7939076307132,3.1658401605357084e+21,6.331680321071417e+21,True,3.789023315373473,62333304.85219989,14299665.890970357,16670139.134198172,3.789023315373473,11.139882854271297,25632988061326.48,51265976122652.96,True,27.877897153922017,68091685.86518651,2011132.0152834065,3059835.921724916,27.877897153922017,68.03434852785459,1.1168997793120518e+21,2.2337995586241036e+21,True,5.913122283732825e-15,True,7.303089267319411e-07,True,1.6760680185227074e-14,True,4940921.46169764,17878203.19636,2.0943951023931953,0.7853981633974483,1,0.061715528636290706,0.0015261699504395207,0.21632290888776415,0.41254456530063127,5.298299755872751,5.362981134443145,4.461525635167205,212.81033587294345,368.79113900476125,36.43045156563857
102,0.112,0.203,0.071,0.24997312066602184,1.5397629639770678,3.1415926535897927,0.007,0.007,0.008,0.004,0.0033,0.0019,0.0011,0.015389196200234146,0.01815022391507896,0.022187161553159272,0.32192115365838947,True,229.51705900104116,746.9882344480811,3.2546087759197566,True,102.1844426544822,64102902.708237305,506665.8015028683,909141.6083983805,102.1844426544822,243.67721032344605,1.347768639676015e+25,2.69553727935203e+25,True,2.071172737214918,62658173.25503553,26450260.97607356,29309601.962685958,2.071172737214918,6.187246198558808,223504937034.64862,447009874069.29724,True,4.662835694460628,74656429.87747107,12639624.751509968,21811251.512857612,4.662835694460628,10.014259067100488,1884037475495376.0,3768074950990752.0,True,1.3889624264072527e-18,True,8.375653910990768e-05,True,9.936108088867972e-09,True,34209192.17250247,32192115.365838945,2.356194490192345,0.7853981633974483,1,0.05572658166847238,0.001845917396823268,0.3021862676943752,0.7071065461150726,4.332177154873006,4.395513208206212,3.827233017098937,167.5999365856679,442.54077107356585,5.26174365919944
103,0.112,0.203,0.071,0.24997312066602184,1.5397629639770678,3.1415926535897927,0.006,0.007,0.006,0.002,0.0037,0.0025,0.001,0.013134316065701299,0.00679880060003345,0.022196331862115105,0.4511475925962802,True,21.918675645399052,70.03014697950759,3.194999009632574,True,24.438307975437343,67556481.57072048,2228829.5746070254,3828872.564846578,24.438307975437343,56.95228851762569,3.917790536857634e+20,7.835581073715268e+20,True,1.4710862731346706,63177055.74217016,37649123.919683,40494455.03819538,1.4710862731346706,4.4149500778044075,15510367922.31091,31020735844.62182,True,7.119717762917458,75421685.75701076,8311567.924370098,14612539.245513026,7.119717762917458,15.049659183815399,8.826774973879048e+16,1.7653549947758096e+17,True,4.778203383740588e-14,True,0.0012069346190732323,True,2.1208198980259307e-10,True,22405003.48247211,45114759.25962802,2.356194490192345,0.7853981633974483,1,0.042129448527849854,0.0017962514578952877,0.29377170588851415,0.6996102622083931,4.315759946012786,4.371262542454722,3.7908595439313038,38.483363112266986,286.6105367708256,8.033919751042113
104,0.112,0.203,0.071,0.24997312066602184,1.5397629639770678,3.1415926535897927,0.009,0.006,0.008,0.009,0.0022,0.0036,0.0037,0.01701560014369465,0.040839373856415354,0.021642183192355745,0.2666570715066593,True,2524.3986585645257,8508.66285801017,3.3705701867424285,True,111.07595027682916,61381278.632498465,458403.3311729588,741269.5356462997,111.07595027682916,287.5783970297774,8.009538298507471e+24,1.6019076597014942e+25,True,2.410778255864581,62333304.85219989,22843047.95632849,23347075.40542314,2.410778255864581,7.469129218340257,655409778956.1271,1310819557912.2542,True,12.965662410339588,69319753.27428749,4112342.991743217,8598625.418210335,12.965662410339588,27.14191310001538,4.826612959917192e+18,9.653225919834384e+18,True,2.3372133701499822e-18,True,2.8562283629358405e-05,True,3.878496195046302e-12,True,12553723.98045162,26665707.150665928,2.356194490192345,0.7853981633974483,1,0.07949715719246575,0.0018790280227752546,0.3175996667797488,0.7213890155772926,4.37440770331939,4.441113429447951,3.896134836401537,620.4203040789722,305.32733894641217,14.33837483445486
111,0.123,0.137,0.01,0.2500096621641989,1.635055060744932,3.1415926535897927,0.009,0.005,0.004,0.005,0.0012,0.0021,0.0034,0.015529850348343335,0.007595754959494544,0.02173519632605058,0.4699130978174971,True,440.4906998677763,1601.6394092200617,3.636034562593107,True,20.444205360801426,65735219.09362634,2799472.6587780155,3055704.7055856967,20.444205360801426,58.92221166514423,3.119366843503612e+19,6.238733687007224e+19,True,1.814592116027608,62944291.579415806,30601197.63906641,31358698.78750316,1.814592116027608,5.568117764833085,75634694315.61499,151269388631.22998,True,1.5219788273650774,73964587.8866962,42007909.89498623,43031976.618189104,1.5219788273650774,4.0569198072312656,52015426577.00266,104030853154.00533,True,6.001217855792191e-13,True,0.000247505462531303,True,0.00035989323229498584,True,84584357.60714948,35769755.62748884,2.356194490192345,0.7853981633974483,1,0.04486080163388846,0.0010504068596779903,0.38542562934749036,0.7439146456608248,5.7397592836922255,5.830528211742664,4.351075145900918,32.77210473088733,231.93035511252594,2.128053047775178
112,0.123,0.137,0.01,0.2500096621641989,1.635055060744932,3.1415926535897927,0.006,0.009,0.007,0.008,0.0015,0.0017,0.0033,0.01860394759707223,0.021476661223978444,0.021764453978433462,0.43483176369138615,True,3104.954378611985,11480.5512852894,3.697494354304033,True,132.89751185431044,62212142.78443916,411984.8524225443,435829.0018288812,132.89751185431044,406.9289482236837,2.757281507787067e+25,5.514563015574134e+25,True,2.6320630547314035,62333304.85219989,20966648.034632105,21042675.82271301,2.6320630547314035,8.212462575487953,1281985926348.227,2563971852696.454,True,1.621676822863013,72219498.84944795,38566934.193261266,39906345.94907701,1.621676822863013,4.396400907088679,76546510913.66888,153093021827.33777,True,6.789295886956517e-19,True,1.4602344390257423e-05,True,0.0002445571950511617,True,78269717.46444951,24251497.501343943,2.356194490192345,0.7853981633974483,1,0.06184506279948414,0.0013762015006476343,0.3976599676335556,0.7536470829520571,5.763083657457734,5.87036876010716,4.407078361281513,269.96662211676437,292.8451327628654,2.299739999467315
116,0.109,0.206,0.08,0.24981760212403256,1.5871345478121166,3.1415926535897927,0.007,0.005,0.008,0.004,0.0037,0.0029,0.0038,0.010685523538185939,0.018424212609866018,0.021609432088942074,0.5500269343909354,True,227.99374067650564,725.3897198928028,3.1816212047770174,True,94.73228340323604,64102902.708237305,554040.4820660015,924016.5018693708,94.73228340323604,233.4145460897095,6.627014113133071e+24,1.3254028226266143e+25,True,1.2329251045075058,63796312.857039526,45119916.600258105,50149734.19760531,1.2329251045075058,3.621300142392641,4180080760.876427,8360161521.752854,True,32.00220231608126,67300710.53445578,1684393.362426575,3004250.58856703,32.00220231608126,73.58204282645274,3.481317896994523e+21,6.962635793989046e+21,True,2.8248015894370406e-18,True,0.004478382373663763,True,5.377273938746379e-15,True,4547422.452323254,55002693.439093545,2.356194490192345,0.7853981633974483,1,0.05071916823699403,0.001745231883126055,0.29163432475435663,0.6829448030231838,4.310925974614661,4.355311090058108,3.795915106177439,209.4024327561964,278.63956791574475,39.58286301463787
117,0.109,0.206,0.08,0.24981760212403256,1.5871345478121166,3.1415926535897927,0.008,0.005,0.008,0.008,0.0034,0.0016,0.0034,0.01224465147326631,0.0368496823572261,0.02173519632605058,0.41624820084520786,True,1768.690044865987,5803.117759142422,3.2810258507347014,True,119.52584889726063,61769287.36939207,424746.97413042746,719691.9303382209,119.52584889726063,301.4577699629847,1.7499087296706896e+25,3.499817459341379e+25,True,1.5882428998571405,63342180.57121437,35018854.95202094,37082110.28134405,1.5882428998571405,4.784956746187219,28384623852.821297,56769247705.64259,True,5.818981715343697,71722496.3373247,9663219.191609345,17929305.12474809,5.818981715343697,12.503386643587252,8172286843518244.0,1.6344573687036488e+16,True,1.0697700790099416e-18,True,0.0006595119983645413,True,2.2906684944432114e-09,True,27331390.451130133,41624820.08452079,2.356194490192345,0.7853981633974483,1,0.07082953015654299,0.0018885601054117694,0.3041957043561797,0.6948819777991246,4.34736160982456,4.396241687227631,3.8558170097268447,578.3877234766275,219.54240015358255,6.58583398169401
126,0.076,0.327,0.24,0.25025068526607813,1.507382419770035,3.1415926535897927,0.004,0.008,0.006,0.003,0.0034,0.0036,0.0037,0.006644022903624919,0.016371162618805123,0.021642183192355745,0.09972711034941442,True,38.587254384885775,91.08678752457269,2.360540778984535,True,10.613187791531452,66106800.8405103,5204960.889178862,7480106.726382773,10.613187791531452,27.197332363980863,2.3950461092790064e+17,4.790092218558013e+17,True,6.6103630762479115,64102902.708237305,8470130.169783996,9246691.246079208,6.6103630762479115,19.473018997137686,2603359233713099.0,5206718467426198.0,True,28.039599686329773,66164950.36059223,1949072.386312883,2997531.684286212,28.039599686329773,69.74481787425857,6.798485367165194e+20,1.3596970734330388e+21,True,7.816133446230554e-11,True,7.190709510074099e-09,True,2.7535545035387482e-14,True,4864909.599031608,9972711.034941442,2.0943951023931953,2.0943951023931953,1,0.04465736871478579,0.0014262305849223405,0.18714416187336147,0.29017838252541844,4.693009449571765,4.721945215219499,4.125743628183112,81.98933647107577,45.70861168770125,36.999659774938095
128,0.076,0.327,0.24,0.25025068526607813,1.507382419770035,3.1415926535897927,0.008,0.003,0.007,0.002,0.0019,0.0024,0.004,0.005152792432202776,0.01275636213196246,0.021541309793841633,0.5253589896736901,True,13.456181879742983,31.486790749235006,2.339949848376783,True,3.980629642129931,67001630.21261763,14058263.567970091,19994661.367891476,3.980629642129931,10.131288300485346,99635504760726.1,199271009521452.2,True,1.2963038599405665,65097141.432109386,43864968.356043465,47133769.478580505,1.2963038599405665,3.791261375811429,6679484961.188107,13358969922.376213,True,13.4131347046624,70415716.0327349,4296933.888833027,6535674.773968463,13.4131347046624,31.84828426274723,4.875187905001112e+18,9.750375810002223e+18,True,1.8788483126527975e-07,True,0.0028026112954478754,True,3.8398519943808676e-12,True,10446883.300181204,52535898.96736901,2.0943951023931953,2.0943951023931953,1,0.039450464358006865,0.0009902649039417123,0.1855320290520097,0.2891207380729097,4.689820076947065,4.71245513713391,4.112977726692067,93.46762863517367,213.94225583365488,17.23001921509718
129,0.076,0.327,0.24,0.25025068526607813,1.507382419770035,3.1415926535897927,0.009,0.007,0.006,0.006,0.0025,0.0026,0.0036,0.013558404134141116,0.03277806729627295,0.021674060933011722,0.12016269426557395,True,297.1653124265845,728.6943001965815,2.45215127649398,True,20.7328720768884,63700235.179271095,2569404.3944067857,3814113.0830892213,20.7328720768884,54.04543830517237,2.9156976851622146e+19,5.831395370324429e+19,True,5.6481069334177745,61821352.21570749,9496710.27621561,11319151.414847748,5.6481069334177745,16.57389951568111,544833158302945.25,1089666316605890.5,True,13.419675687101115,68378040.98550668,4144169.339125339,6718878.2369122915,13.419675687101115,31.759043453056574,3.27890538020598e+18,6.55781076041196e+18,True,6.420418720111072e-13,True,3.435914227083635e-08,True,5.7092223865343785e-12,True,10735432.752056923,12016269.426557396,2.0943951023931953,2.0943951023931953,1,0.06801053236342579,0.001401318260294876,0.1943409427453002,0.2947486186788684,4.7051278832267425,4.761846077531335,4.180400313132048,274.9276478719659,504.0601401530424,16.76690676167775
130,0.076,0.327,0.24,0.25025068526607813,1.507382419770035,3.1415926535897927,0.002,0.006,0.004,0.006,0.0013,0.0013,0.0038,0.002534448508184713,0.02177626588077498,0.021609432088942074,0.36584638366382954,True,203.21690352721623,485.79620013105426,2.390530471132747,True,5.889880660791442,65097141.432109386,9257834.073654832,13314884.872733274,5.889880660791442,15.283936366700031,1712924225166208.8,3425848450332417.5,True,19.621770912262885,67556481.57072048,2986952.5697572753,3260079.5980075095,19.621770912262885,55.22622434701541,3.587361530818459e+19,7.174723061636918e+19,True,2.2749345152159424,73333818.00882263,26166110.75899317,39975422.271386296,2.2749345152159424,5.216087142122001,2626014344642.6255,5252028689285.251,True,1.0928679579030158e-08,True,5.218319881946501e-13,True,7.1286739305864705e-06,True,65852349.05948932,9878413.68082521,2.0943951023931953,2.0943951023931953,1,0.04592014647790177,0.0012643004748438217,0.1883098629778105,0.29165892436037383,4.723546938871323,4.7345637446994635,4.143394058244434,12.22569056751629,68.57482497790754,2.733387685796791
134,0.083,0.233,0.147,0.2498770291743516,1.7863593350512397,3.1415926535897927,0.008,0.007,0.006,0.003,0.0028,0.0035,0.0031,0.013104779488462342,0.011681264175875419,0.021820349194926134,0.4956320852819468,True,67.76470192270601,179.40686148602907,2.6474972426007968,True,4.124967000208172,66106800.8405103,14078089.73984163,14232272.252614932,4.124967000208172,12.186350711161058,77873813484280.14,155747626968560.28,True,1.2999428885396824,62212142.78443916,42238675.91971679,43623940.98292466,1.2999428885396824,4.018046647602079,5211219065.332122,10422438130.664244,True,3.1275320356246765,67553884.31280793,18921204.313757196,19151135.41229316,3.1275320356246765,9.061696824583112,10185538376697.328,20371076753394.656,True,2.4038889534771376e-07,True,0.0035922496761910615,True,1.837899903536565e-06,True,37513790.938416116,49563208.52819468,1.8325957145940461,1.8325957145940461,1,0.04660639285926389,0.00131788689715832,0.5944407814075982,0.23457337917671,23.099197804004557,23.201885594957673,12.602713183299356,14.869521977968839,106.54952326913467,4.79823540882589
135,0.083,0.233,0.147,0.2498770291743516,1.7863593350512397,3.1415926535897927,0.003,0.006,0.003,0.005,0.0018,0.0018,0.0021,0.004158501139951758,0.009713899686295133,0.0220474235119276,0.6746668189537603,True,157.44052615217507,415.2936608472895,2.6377812053669394,True,2.618176786529431,66754775.11346164,22368168.149444904,22636039.625619315,2.618176786529431,7.665949853496954,2156500946557.851,4313001893115.702,True,1.1492856646267824,66106800.8405103,50479595.93245246,51439014.522196025,1.1492856646267824,3.385054000059364,2601014206.8339005,5202028413.667801,True,1.01657748715708,70824265.14560658,60598219.687788084,61862171.30496654,1.01657748715708,2.8172374528872113,1316730740.1293004,2633461480.2586007,True,8.680728858422418e-06,True,0.007197192522368814,True,0.014217029670137217,True,121440027.41167685,58669339.54508049,1.8325957145940461,1.8325957145940461,1,0.03591982433817449,0.0012560142728785867,0.5924592938890229,0.23422904030046507,23.144429943957622,23.177042201572224,12.586993915725683,14.078907876763505,23.02231767855834,1.482213104167106
138,0.12,0.144,0.02,0.24997483497894474,1.8146536101202406,3.1415926535897927,0.009,0.004,0.008,0.007,0.0033,0.0026,0.0015,0.012150687473266307,0.022599356527179974,0.02214174668975898,0.6134438605648088,True,2193.6942320182848,7956.004116185503,3.6267607399713437,True,194.06469162422295,62212142.78443916,280087.3229803814,314330.68234114075,194.06469162422295,580.3996462277227,5.635371437336077e+26,1.1270742874672154e+27,True,1.0711442540401315,63700235.179271095,52360976.152457565,53898336.93081819,1.0711442540401315,3.246774235493339,1263958762.8124425,2527917525.624885,True,4.295736475557818,72219498.84944795,14413491.793924062,16040431.547079198,4.295736475557818,11.328589624952883,319199117740458.5,638398235480917.0,True,3.321875089896332e-20,True,0.014810609768902595,True,5.8646778639348473e-08,True,30323664.378780954,61344386.05648088,2.356194490192345,0.7853981633974483,1,0.056891790690205266,0.001226912962517943,0.3796766596921639,0.750526738828155,5.543453789299551,5.611886251645671,4.29813957500871,383.7921104566639,140.53497680334186,5.935958060726835
144,0.12,0.157,0.027,0.2503827537604574,1.594969999272678,3.1415926535897927,0.008,0.007,0.007,0.009,0.0018,0.0032,0.0033,0.01886477372545905,0.027650966510921447,0.021764453978433462,0.29807409837732163,True,3460.859177260406,12446.92692406481,3.596484654980304,True,123.93053884383066,61821352.21570749,427630.4568833216,556338.4359154922,123.93053884383066,350.62084027745794,1.7027387988783341e+25,3.4054775977566683e+25,True,2.1651091744249142,62212142.78443916,25348575.40277954,26283242.378558684,2.1651091744249142,6.681926277728238,282456228266.6431,564912456533.2863,True,4.757810790667538,70824265.14560658,12032662.805686653,19458168.262235556,4.757810790667538,10.955569869079463,1004137489106705.5,2008274978213411.0,True,1.0994052647611984e-18,True,6.627575576888333e-05,True,1.864286534770609e-08,True,31297416.66008179,29807409.837732162,2.356194490192345,0.7853981633974483,1,0.06828019421481396,0.001484021574800425,0.3683942957930511,0.7629895084734474,5.119857305169294,5.21657612525963,4.180680943578085,412.686478154726,284.9802872322545,5.751273402369358
147,0.06,0.328,0.266,0.24978742799146464,1.5662160440084287,3.1415926535897927,0.009,0.008,0.008,0.009,0.0018,0.0037,0.0037,0.012264319370243469,0.06585503687312017,0.021642183192355745,0.4379810455796371,True,1440.3058922958398,3259.160169874155,2.262824992459811,True,18.89861816382884,61381278.632498465,2874333.2452117377,2939730.461997291,18.89861816382884,59.33887507497112,5.153206520372239e+18,1.0306413040744479e+19,True,3.35672689146282,61381278.632498465,16153329.585525764,16782061.151267707,3.35672689146282,10.47505410690593,7761037795974.937,15522075591949.873,True,1.5801663813644857,70824265.14560658,38911675.30675197,40298195.01233961,1.5801663813644857,4.355517798605034,53862741760.77922,107725483521.55844,True,3.6326896517719555e-12,True,2.4120485548606203e-06,True,0.00034755007613873797,True,78836588.20433468,19008266.985370208,1.8325957145940461,1.8325957145940461,1,0.09976153943571939,0.0010277958052340738,0.3159818727954879,0.14944074589120676,11.28457583622143,11.36977154692886,7.615341318610151,241.21675710062223,201.58699182438502,2.283203828322229
152,0.116,0.176,0.046,0.24983122859812845,1.589773246255774,3.1415926535897927,0.009,0.007,0.008,0.003,0.0032,0.0039,0.0023,0.020549013061790272,0.011815272476003941,0.02200899555058889,0.22189858128883388,True,123.96114964939491,419.2415247596003,3.38203966279242,True,56.74184754524738,65097141.432109386,946607.6592414454,1488709.523250015,56.74184754524738,141.6653249442631,1.4537972423952648e+23,2.9075944847905297e+23,True,2.9137963654215158,61821352.21570749,18689408.957301497,19745866.965519432,2.9137963654215158,8.976129134412078,2783577614419.3237,5567155228838.647,True,29.625850057771174,68990827.91667391,1854409.4772875244,3320737.561029501,29.625850057771174,66.66477250706198,3.098600570124794e+21,6.197201140249588e+21,True,1.2876623681825862e-16,True,6.725158265042715e-06,True,6.0414369572151936e-15,True,5076641.973418453,22189858.128883388,2.356194490192345,0.7853981633974483,1,0.0543732810883831,0.0015465346798695853,0.32887257866908426,0.729546415967656,4.666145975909523,4.7632584937972,3.959271984206558,93.10274181585368,566.664263650047,35.45650864143835
154,0.116,0.176,0.046,0.24983122859812845,1.589773246255774,3.1415926535897927,0.007,0.005,0.007,0.006,0.0025,0.0021,0.0023,0.011394214412536746,0.02067955771875495,0.02200899555058889,0.5009997103167093,True,856.4736066403536,2934.6906733172023,3.426481155477712,True,122.96795482275014,63177055.74217016,426433.78590297065,667689.2903958445,122.96795482275014,315.32101595650585,3.372115801134146e+25,6.744231602268292e+25,True,1.3271330760376405,63796312.857039526,42179799.455494516,44600386.78001067,1.3271330760376405,3.9755618761146065,7128681931.746111,14257363863.492222,True,11.209839470200336,69665662.35846618,5009040.690230896,8358895.257239139,11.209839470200336,25.80802312007587,1.0568231540040753e+18,2.1136463080081505e+18,True,5.551410777086567e-19,True,0.0026260113972310017,True,1.7713465047651493e-11,True,13152200.776045246,50099971.03167093,2.356194490192345,0.7853981633974483,1,0.054082767681880584,0.00146101202476159,0.331438972621981,0.735619107578087,4.729281436592355,4.783174222423725,3.989660067567173,295.5212918969684,203.8847274209745,13.685922460052685
155,0.116,0.176,0.046,0.24983122859812845,1.589773246255774,3.1415926535897927,0.003,0.007,0.007,0.008,0.0026,0.0022,0.0031,0.006734899360187315,0.027559830163025285,0.021820349194926134,0.12630144771530868,True,2010.623217443664,6956.303818233369,3.459774938378418,True,98.20167782598368,62212142.78443916,527017.1092615415,826816.4509837237,98.20167782598368,254.83191592436117,4.020165258143433e+24,8.040330516286866e+24,True,5.2377740855195105,65563855.92429537,10952634.710182775,11528175.986226277,5.2377740855195105,15.34642165084857,507784524878830.25,1015569049757660.5,True,9.264309535189462,69319753.27428749,6020110.114138381,10189176.889620243,9.264309535189462,21.284094724215883,2.056587251200711e+17,4.113174502401422e+17,True,4.656524992866873e-18,True,3.68660309300821e-08,True,9.102458448612174e-11,True,16061238.98560308,12630144.771530868,2.356194490192345,0.7853981633974483,1,0.056115078718138735,0.0016819455504572451,0.3343023951093061,0.7400718072942657,4.765342955549457,4.797101822048796,4.011830174106164,384.69011719903875,34.76309908904197,11.207105514172836
157,0.111,0.184,0.062,0.2498754670964362,1.686666718585056,3.1415926535897927,0.008,0.005,0.005,0.006,0.0038,0.0028,0.0033,0.012466928471981118,0.01535459873322476,0.021764453978433462,0.4560889095495709,True,586.0780514844591,1917.891285289665,3.2724161575952158,True,33.60787412822514,64324620.46266575,1617414.0919428174,2226810.9439524277,33.60787412822514,89.74500628308202,1.4618736712035656e+21,2.923747342407131e+21,True,1.4698617113759609,63342180.57121437,37674332.16433957,41326117.773962595,1.4698617113759609,4.367063735326044,15942125419.57393,31884250839.14786,True,25.574047549120376,67553884.31280793,2171555.2199781374,3360044.2564823967,25.574047549120376,62.36894074998227,4.840918809599062e+20,9.681837619198124e+20,True,1.2805484063877941e-14,True,0.0011742474423777499,True,3.8670344899980757e-14,True,5375808.139665533,45608890.95495709,2.356194490192345,0.7853981633974483,1,0.04958598118363934,0.001633304900982502,0.31072206027010113,0.6938164037802543,4.576004520703912,4.63423166402219,3.8914039351671823,162.88503952781463,240.95708996256104,33.4833378207577
159,0.111,0.184,0.062,0.2498754670964362,1.686666718585056,3.1415926535897927,0.008,0.008,0.002,0.006,0.0022,0.0016,0.0017,0.019957910311860703,0.006121886594558191,0.022113799081512644,0.2551792806897411,True,237.78122772839265,767.1565141158659,3.226312360503732,True,15.625786866850696,67556481.57072048,3578576.296088171,5325150.72182781,15.625786866850696,38.74781867253958,8.202081728464193e+18,1.6404163456928385e+19,True,3.3799245475409214,61769287.36939207,16035082.213453788,17517556.038095232,3.3799245475409214,10.28235089632847,9065217295902.76,18130434591805.52,True,3.1965536905743086,71722496.3373247,18310210.82457778,27793983.958221443,3.1965536905743086,7.483050113451158,37199498806283.875,74398997612567.75,True,2.2823474112718024e-12,True,2.0650359929552874e-06,True,5.032325864787659e-07,True,45932270.5241534,19370442.368819997,2.356194490192345,0.7853981633974483,1,0.048193595987931534,0.0017381960414125713,0.3076023278686479,0.6882832200215256,4.524177819692992,4.617615476524139,3.862823793498068,20.669582693339322,485.56890698685686,3.918813460469962
160,0.111,0.184,0.062,0.2498754670964362,1.686666718585056,3.1415926535897927,0.007,0.009,0.009,0.003,0.0031,0.0038,0.0022,0.01957217457774069,0.013909931745236873,0.022028646212637094,0.2295505808475649,True,132.107060001097,431.5255391901746,3.266483556492675,True,54.52750662288654,64688228.512790635,989186.7267220257,1472070.2748183904,54.52750662288654,140.17227773616344,8.558881818178253e+22,1.7117763636356505e+23,True,2.838065589753311,61821352.21570749,19144043.278463893,20617097.79004835,2.838065589753311,8.676813359192384,2308059580469.4375,4616119160938.875,True,21.16580191224609,69319753.27428749,2638974.152453073,4432220.982640745,21.16580191224609,48.789489387414946,1.9004411487200343e+20,3.8008822974400686e+20,True,2.18720159919027e-16,True,8.110709168171703e-06,True,9.850344491124129e-14,True,6989701.92005562,22955058.08475649,2.356194490192345,0.7853981633974483,1,0.05551075253561465,0.001768164938678305,0.31263656429567577,0.6932270587693965,4.54287845610059,4.633469284778004,3.8884787454176224,91.41584386347125,473.9836616115572,25.75217113100692
163,0.099,0.261,0.14,0.2501517435462807,1.515825577695892,3.1415926535897927,0.009,0.005,0.005,0.008,0.0028,0.0039,0.0021,0.012552347355438274,0.029014092453879318,0.0220474235119276,0.30232036434793813,True,743.6505033598343,2259.4088572812325,3.0382670986883737,True,38.42155199032381,63342180.57121437,1333155.8674341128,2405421.9209149336,38.42155199032381,92.28108107718464,4.5277353052448316e+21,9.055470610489663e+21,True,2.2606153545554832,62944291.579415806,24169109.118667915,28198140.355956856,2.2606153545554832,6.588087086131462,484050606228.7852,968101212457.5704,True,17.259140190556515,69665662.35846618,3204424.203988194,5768532.329946055,17.259140190556515,38.44886562141103,4.312833406143436e+19,8.625666812286873e+19,True,4.134517311185385e-15,True,3.86736422991939e-05,True,4.3405339917220556e-13,True,8904760.441986896,30232036.43479381,2.356194490192345,0.7853981633974483,1,0.06361386332124519,0.0019020755245090053,0.2505306139767429,0.5688829525820912,3.914148476912469,3.953934988110217,3.6333109898245284,181.79446451341622,284.3683401395579,20.2139070638308
164,0.099,0.261,0.14,0.2501517435462807,1.515825577695892,3.1415926535897927,0.008,0.006,0.005,0.008,0.0015,0.002,0.0037,0.013362202241465818,0.029031124256326462,0.021642183192355745,0.2229205808207659,True,744.1759535583332,2259.4088572812325,3.036121829088537,True,37.437765310944584,63342180.57121437,1371529.0512778366,2443158.362459564,37.437765310944584,90.43991357131667,3.6192039287956754e+21,7.238407857591351e+21,True,3.052854699212885,62727331.620962925,17850456.481791567,20764188.13499282,3.052854699212885,8.93443416154194,4977630125083.688,9955260250167.377,True,4.809620942548081,72219498.84944795,11397236.433194669,24199629.720211957,4.809620942548081,9.691864404950811,2331662738696435.0,4663325477392870.0,True,5.172408178234173e-15,True,3.7608258407278226e-06,True,8.02860537646444e-09,True,35390106.2273893,22292058.08207659,2.356194490192345,0.7853981633974483,1,0.06403550969014803,0.0018759001732542935,0.25063992543438945,0.5684625294291912,3.908717498451397,3.950954271517405,3.6306088470209716,205.63391407943186,338.25309928170907,5.0861672706902885
165,0.099,0.261,0.14,0.2501517435462807,1.515825577695892,3.1415926535897927,0.007,0.008,0.008,0.004,0.0035,0.0021,0.003,0.015557219529135038,0.023328290054192704,0.02184698675903592,0.22514596053886124,True,150.30067492196676,451.8817714562466,3.0065185781158665,True,71.28755519020666,64102902.708237305,723413.6196495318,1324627.98365147,71.28755519020666,168.45360926454538,7.967205888136454e+23,1.5934411776272908e+24,True,2.9994774417916767,62212142.78443916,18041809.905353233,20955809.01538204,2.9994774417916767,8.846693966142672,4033422777505.74,8066845555011.48,True,9.234114546811448,69665662.35846618,5875487.435011518,11570617.844331313,9.234114546811448,19.77518732553445,2.8100506641499286e+17,5.620101328299857e+17,True,2.3496317608504336e-17,True,4.6412193892494474e-06,True,6.661801596258054e-11,True,17334484.561887443,22514596.053886123,2.356194490192345,0.7853981633974483,1,0.06073249634236366,0.002050402514952368,0.2482500890602274,0.5656669053629304,3.8904152978652684,3.940113385169972,3.615139761382798,189.0205338929106,589.6978972912789,10.383925715089214
166,0.122,0.15,0.018,0.24995614767479746,1.5036650088644725,3.1415926535897927,0.008,0.006,0.004,0.003,0.0016,0.0015,0.0029,0.016423498877032094,0.005007566647522049,0.02187275096038801,0.3034608107960721,True,81.19909919208385,288.5872326878528,3.5540693869666398,True,27.87518574647049,67556481.57072048,2023990.598228702,2856570.1643351386,27.87518574647049,70.6885984590766,8.608370424630457e+20,1.7216740849260914e+21,True,2.1281765856044457,62727331.620962925,26028804.679950133,26533243.190049168,2.1281765856044457,6.563671203475211,257456955368.26636,514913910736.5327,True,4.741885962378092,72219498.84944795,12119969.34998674,20800524.259985324,4.741885962378092,10.479794260906672,1385226369276366.8,2770452738552733.5,True,2.1746276097085607e-14,True,7.271118379079298e-05,True,1.351403670562466e-08,True,32729278.01340196,30346081.079607215,2.6179938779914944,0.7853981633974483,1,0.04330381648494215,0.0011557517674272903,0.3615783575648923,0.7823599246391777,3.5916563450198127,3.6148380245227103,3.5684278538037724,63.86265421177428,533.0015150554993,5.499663021173084
173,0.082,0.253,0.166,0.24993062920924458,1.6947365583522471,3.1415926535897927,0.008,0.006,0.008,0.006,0.0025,0.0026,0.0035,0.011111915257835243,0.033918272609642426,0.02170506531091,0.44578843312076494,True,604.2227139498005,1623.0749389558814,2.686219669475597,True,24.130698461677426,62727331.620962925,2280338.703976934,2457405.961468352,24.130698461677426,72.81945827858887,5.183551255730809e+19,1.0367102511461618e+20,True,1.473383848141092,62727331.620962925,37400986.007609114,39829492.87720148,1.473383848141092,4.467148268167133,14943636288.615114,29887272577.23023,True,4.339261532425191,68378040.98550668,13659029.626428315,14826367.849206436,4.339261532425191,12.111468702344734,181325194156587.56,362650388313175.1,True,3.611423727951686e-13,True,0.0012527071482770179,True,1.0323992805894315e-07,True,28032788.48663735,44578843.312076494,1.8325957145940461,1.8325957145940461,1,0.06673525317838767,0.0013503852963933053,0.47417706036552165,0.26362302379121183,14.3339196564545,14.414850494059671,8.951728576639034,109.63442993296859,109.00590455323513,6.4210522647721
179,0.118,0.155,0.03,0.2496902339425563,1.7245119855568558,3.1415926535897927,0.008,0.005,0.005,0.006,0.004,0.0014,0.0038,0.01322577006089681,0.012928992761606303,0.021609432088942074,0.5409292157810773,True,772.606262235373,2702.6900043607448,3.4981466452796823,True,38.909348972508404,64324620.46266575,1421858.2896529927,1737035.2415607085,38.909348972508404,109.21545680187742,4.075412214990274e+21,8.150824429980548e+21,True,1.208220272299935,63342180.57121437,46196884.24312695,47498723.722876094,1.208220272299935,3.68213630808801,3188079252.4403453,6376158504.880691,True,2.8394945332338235,72754613.06381544,21494978.030724235,27400819.536234677,2.8394945332338235,7.055821096435739,12278565962407.918,24557131924815.836,True,4.593400375830369e-15,True,0.005871874102775393,True,1.5246080085665696e-06,True,48540327.74376564,54092921.57810774,2.356194490192345,0.7853981633974483,1,0.047764194911445186,0.001388128926793438,0.35298659238104696,0.7373141368863414,5.159728313032511,5.230542040563064,4.127732939906247,96.77650580003645,210.24035019204766,3.7082567911404065
180,0.118,0.155,0.03,0.2496902339425563,1.7245119855568558,3.1415926535897927,0.008,0.005,0.008,0.008,0.0018,0.0017,0.0036,0.013249278578691393,0.027772232005809746,0.021674060933011722,0.4053794711411294,True,2871.230478573348,10250.202090612604,3.5699684045238005,True,167.32266885160234,61769287.36939207,315702.8794347455,418024.7501975225,167.32266885160234,470.2017289070989,1.765525969795762e+26,3.531051939591524e+26,True,1.6067327901494226,63342180.57121437,34774362.48913332,35446806.612186715,1.6067327901494226,4.9130483644071745,29998407462.136635,59996814924.27327,True,5.001138650438828,71258750.11984718,11938334.555081524,15658602.273432609,5.001138650438828,12.50138745991308,1208598457254587.2,2417196914509174.5,True,1.0603072580215599e-19,True,0.0006240331265460673,True,1.5489015303332208e-08,True,27302622.299237646,40537947.114112936,2.356194490192345,0.7853981633974483,1,0.06269557151751286,0.0013124128035137959,0.36396161359495405,0.7476366441396265,5.197748472936435,5.2675784345064285,4.183113716396302,455.385056006718,176.89704133697393,6.592773325111193
182,0.124,0.133,0.006,0.2502217476107179,1.5801374326764528,3.1415926535897927,0.008,0.005,0.004,0.003,0.0032,0.0026,0.002,0.01392569041398918,0.0044431276254537745,0.02206532744846041,0.5041478749925918,True,100.321916981429,367.07630366197566,3.6589841453082146,True,44.225565296414565,67556481.57072048,1279066.4962523577,1776505.583755562,44.225565296414565,112.9084802997368,3.651299704032512e+22,7.302599408065024e+22,True,1.288878706204035,63342180.57121437,43382837.12258439,43939335.40449258,1.288878706204035,3.9508865848822303,5235439478.884489,10470878957.768978,True,22.544786077842257,70030306.25476688,2564541.5217614886,3736343.6325404104,22.544786077842257,54.754211757764374,3.142456382911534e+20,6.284912765823068e+20,True,5.126941505055185e-16,True,0.003575631057431048,True,5.957123256124762e-14,True,6146985.627899669,50414787.49925919,4.71238898038469,0.7853981633974483,1,0.04043414548790336,0.0010781848063561937,0.3913535436855832,0.7420850339613748,4.373380069504831,4.242698078405861,3.6537478820267864,63.654294577612674,394.0591770201013,29.282645331562822
183,0.124,0.133,0.006,0.2502217476107179,1.5801374326764528,3.1415926535897927,0.009,0.004,0.008,0.004,0.0032,0.0019,0.0026,0.012544163258058832,0.01194127228202672,0.02194480338789809,0.6205142393868397,True,471.5373359583189,1740.2135877308478,3.6905107083284543,True,159.47072584358273,64102902.708237305,338374.47979859577,479198.49450289493,159.47072584358273,421.98068043376486,3.326535732904558e+26,6.653071465809115e+26,True,1.0481165047889929,63700235.179271095,53680881.461609766,53797276.412464775,1.0481165047889929,3.2099545323824303,1037885288.7146839,2075770577.4293678,True,10.827178658694823,70415716.0327349,5384942.727160083,7673214.505059646,10.827178658694823,26.420266953804642,7.402070093228344e+17,1.4804140186456689e+18,True,5.627475999981119e-20,True,0.01803667534702494,True,2.5290222551561176e-11,True,12790412.415803317,62051423.938683964,4.71238898038469,0.7853981633974483,1,0.04643023892798365,0.0010508197097481686,0.3966461647219812,0.7471468411722637,4.424273437155006,4.306408754874309,3.670176897990632,222.99639533097823,279.0518778223933,14.073041130214008
184,0.124,0.133,0.006,0.2502217476107179,1.5801374326764528,3.1415926535897927,0.004,0.007,0.007,0.008,0.0037,0.002,0.0033,0.009603632724285655,0.020857904570757552,0.021764453978433462,0.5780274496122068,True,3267.793165288799,12181.495114115934,3.7277436171635316,True,218.17087700624825,62212142.78443916,245516.9789546236,307726.69293668715,218.17087700624825,623.5950224619615,1.5786552406429824e+27,3.1573104812859647e+27,True,1.1394719198225955,64562488.99769557,49919604.516411304,50425801.67881678,1.1394719198225955,3.4381245049602125,2154407780.395771,4308815560.791542,True,7.078107511569309,70030306.25476688,8235089.854643609,11441049.492439039,7.078107511569309,17.533927459766268,1.899369958596393e+16,3.798739917192786e+16,True,1.1858193934969228e-20,True,0.00868916282717893,True,9.855899802602865e-10,True,19527263.51838063,57802744.961220674,4.71238898038469,0.7853981633974483,1,0.05222599127347667,0.0013518357724364458,0.4023549350118919,0.7531127001159091,4.472244351412307,4.381907686718326,3.6894559013948567,409.13268087727033,26.618358226651303,9.217881442044838
189,0.111,0.212,0.079,0.2502615072655407,1.522833584293795,3.1415926535897927,0.009,0.008,0.009,0.002,0.0027,0.0012,0.0036,0.022455582862505936,0.010665693881445747,0.021674060933011722,0.5610229623018835,True,30.416442254933095,96.3156036471563,3.1665637565332063,True,35.3522765472865,66106800.8405103,1498824.5715128742,2711536.509377167,35.3522765472865,81.94071562315254,5.537631687259583e+21,1.1075263374519167e+22,True,4.448539501655283,61381278.632498465,12071099.27666448,13589305.430010272,4.448539501655283,13.444838612005952,74542218634388.02,149084437268776.03,True,1.6293102910427597,73964587.8866962,35305997.470638916,65890924.95977423,1.6293102910427597,3.4091945853119703,231222255685.87836,462444511371.7567,True,3.380506515640804e-15,True,2.5113285253578484e-07,True,8.096106468847715e-05,True,100984133.21433903,14814527.665852468,2.356194490192345,0.7853981633974483,1,0.0547953376769634,0.0018843847655959543,0.2922930083891356,0.6943619042721928,4.194427764505099,4.282888648976556,3.761873437776191,53.54792766451274,842.2955518374,1.7824582364632435
190,0.111,0.212,0.079,0.2502615072655407,1.522833584293795,3.1415926535897927,0.008,0.004,0.004,0.008,0.0023,0.0025,0.0029,0.009987277937761656,0.018843642039442957,0.02187275096038801,0.5051198432499581,True,853.1483184206533,2739.6438370746687,3.2112163593621013,True,84.04502468739454,64102902.708237305,618945.5903198007,1083313.0044509766,84.04502468739454,202.67190957931805,2.749370295647602e+24,5.498740591295204e+24,True,1.348112906462719,64102902.708237305,41437117.40069075,46059853.48843299,1.348112906462719,3.9429936430277617,8703851871.404865,17407703742.80973,True,21.82433627470866,68990827.91667391,2462410.076349747,4892095.116779806,21.82433627470866,46.910021944412094,2.978906301604263e+20,5.957812603208525e+20,True,6.8088318367426704e-18,True,0.0021507718969232016,True,6.284185571704123e-14,True,7136623.702382793,50511984.32499581,2.356194490192345,0.7853981633974483,1,0.05070367093759262,0.0017628115549123444,0.29294918995512165,0.6999802364311472,4.262321500397269,4.302058280886515,3.7890892211865292,147.82894075933146,155.66494198763837,25.222010786403263
191,0.122,0.147,0.017,0.25013198507454176,1.5571869686249737,3.1415926535897927,0.009,0.009,0.005,0.006,0.0033,0.0036,0.0036,0.027780162710150325,0.012220476559807033,0.021674060933011722,0.17928367547497928,True,835.3497771470418,3004.8649800900967,3.597133874091125,True,55.087825789553,64324620.46266575,988783.8346111877,1343248.3042733965,55.087825789553,147.93964210330918,7.333034977571381e+22,1.4666069955142761e+23,True,3.5498413239074114,60995707.2036315,15177768.643581893,15875891.953326851,3.5498413239074114,11.10980133641131,11402889532229.244,22805779064458.49,True,31.556570900705765,66376636.79336509,1688280.5657718845,3020807.4209309043,31.556570900705765,73.26259372816736,2.360225692278497e+21,4.720451384556994e+21,True,2.5528311343470305e-16,True,1.6416891479207617e-06,True,7.9314448873439e-15,True,4650832.956081861,17928367.54749793,0.0,0.7853981633974483,1,0.061674700202969085,0.0015096226865246004,0.3766498625678338,0.780944306358181,3.6463633395665624,3.644203777807905,3.593493955372708,163.3189445565979,802.9448113221372,38.70274458355149
