r,l,e,ROM,QRR,theta_min,theta_max,width_r,width_l,thickness_r,thickness_l,pin_diameter_A,pin_diameter_B,pin_diameter_C,rho,mass_crank,mass_rod,mass_slider,I_mass_crank_cg_z,I_mass_rod_cg_z,I_mass_slider_cg_z,I_area_crank_yy,I_area_crank_zz,I_area_rod_yy,I_area_rod_zz,I_area_slider_yy,I_area_slider_zz
0.079,0.288,0.201,0.24979222709267482,1.587839150981423,1.848372371450411,5.703591742340362,0.018,0.006,0.011,0.011,0.0032,0.0034,0.0043,7800.0,0.12563507985925487,0.14821939576929397,0.06013456612156987,7.288083555171315e-05,0.001024926712420303,4.1547640159484796e-06,1.9964999999999995e-09,5.345999999999998e-09,6.654999999999999e-10,1.9800000000000001e-10,1.3333333333333335e-08,1.3333333333333335e-08
0.079,0.288,0.201,0.24979222709267482,1.587839150981423,1.848372371450411,5.703591742340362,0.019,0.009,0.007,0.008,0.0049,0.0022,0.0041,7800.0,0.0844002029590347,0.16244879849717656,0.06034040327223308,4.931736408004438e-05,0.0011342179766964636,4.15567227237578e-06,5.430833333333333e-10,4.001083333333334e-09,3.8399999999999997e-10,4.859999999999999e-10,1.3333333333333335e-08,1.3333333333333335e-08
0.079,0.288,0.201,0.24979222709267482,1.587839150981423,1.848372371450411,5.703591742340362,0.019,0.018,0.007,0.012,0.0039,0.0048,0.0036,7800.0,0.08482702520565259,0.48965208234861596,0.06081211340916958,5.010275944217858e-05,0.0034612107798310822,4.1574276237228555e-06,5.430833333333333e-10,4.001083333333334e-09,2.5919999999999997e-09,5.831999999999999e-09,1.3333333333333335e-08,1.3333333333333335e-08
0.079,0.288,0.201,0.24979222709267482,1.587839150981423,1.848372371450411,5.703591742340362,0.007,0.008,0.018,0.016,0.0036,0.0033,0.0033,7800.0,0.07840192283393711,0.2886990946945502,0.06106573418409388,4.212947406161645e-05,0.0020138565504256444,4.158183730658098e-06,3.4019999999999992e-09,5.145e-10,2.730666666666667e-09,6.826666666666668e-10,1.3333333333333335e-08,1.3333333333333335e-08
0.079,0.288,0.201,0.24979222709267482,1.587839150981423,1.848372371450411,5.703591742340362,0.01,0.013,0.014,0.01,0.0034,0.0031,0.0023,7800.0,0.08800134480019164,0.29385701025449945,0.061751858019637895,4.854895849973317e-05,0.0020610681152301354,4.159571416115487e-06,2.286666666666667e-09,1.166666666666667e-09,1.0833333333333335e-09,1.8308333333333335e-09,1.3333333333333335e-08,1.3333333333333335e-08
0.115,0.178,0.05,0.25037473298874435,1.6220430016026317,2.224806020026439,6.111697558057613,0.012,0.012,0.008,0.018,0.0024,0.0043,0.0048,7800.0,0.087432015499147,0.30298073096408423,0.059577090505190354,0.0001006058047321758,0.0008215231598988935,4.151870020654949e-06,5.12e-10,1.152e-09,5.831999999999999e-09,2.5919999999999997e-09,1.3333333333333335e-08,1.3333333333333335e-08
0.115,0.178,0.05,0.25037473298874435,1.6220430016026317,2.224806020026439,6.111697558057613,0.011,0.005,0.016,0.015,0.0049,0.0037,0.0038,7800.0,0.16007977305714152,0.10373883971064468,0.06063078068120439,0.00018370301313788784,0.00027242544723917817,4.156806559129574e-06,3.754666666666667e-09,1.7746666666666665e-09,1.4062499999999998e-09,1.5625000000000003e-10,1.3333333333333335e-08,1.3333333333333335e-08
0.115,0.178,0.05,0.25037473298874435,1.6220430016026317,2.224806020026439,6.111697558057613,0.015,0.014,0.015,0.018,0.0034,0.0049,0.004,7800.0,0.20583966631737044,0.35421182121533856,0.06043964618415997,0.00024054239553362812,0.0009657568210799421,4.156079292368321e-06,4.218749999999999e-09,4.218749999999999e-09,6.8039999999999984e-09,4.116e-09,1.3333333333333335e-08,1.3333333333333335e-08
0.115,0.178,0.05,0.25037473298874435,1.6220430016026317,2.224806020026439,6.111697558057613,0.012,0.007,0.007,0.008,0.0026,0.003,0.004,7800.0,0.07650672802198916,0.07805397886509997,0.06043964618415997,8.794630966043155e-05,0.0002082681408218646,4.156079292368321e-06,3.43e-10,1.008e-09,2.986666666666667e-10,2.286666666666667e-10,1.3333333333333335e-08,1.3333333333333335e-08
0.115,0.178,0.05,0.25037473298874435,1.6220430016026317,2.224806020026439,6.111697558057613,0.02,0.015,0.018,0.013,0.0044,0.0034,0.0021,7800.0,0.3304616546258002,0.273648909200917,0.0618596774795091,0.0003932076762337826,0.0007435964246586687,4.1597021472105805e-06,9.719999999999999e-09,1.2000000000000002e-08,2.74625e-09,3.656249999999999e-09,1.3333333333333335e-08,1.3333333333333335e-08
0.101,0.2,0.092,0.25003052321271674,1.7805179339198407,1.9490988416912478,5.972566550746281,0.007,0.018,0.006,0.01,0.0022,0.0024,0.0049,7800.0,0.0334514596791018,0.2841008583407013,0.05945824405510506,2.923733509611181e-05,0.0009778038473328833,4.151171054970385e-06,1.26e-10,1.715e-10,1.5000000000000002e-09,4.859999999999999e-09,1.3333333333333335e-08,1.3333333333333335e-08
0.101,0.2,0.092,0.25003052321271674,1.7805179339198407,1.9490988416912478,5.972566550746281,0.016,0.012,0.013,0.009,0.0045,0.002,0.003,7800.0,0.16720394518611387,0.16986924563608347,0.061297300978589986,0.00015194072548451286,0.0005778169056651732,4.158759463600915e-06,2.929333333333333e-09,4.437333333333334e-09,7.289999999999999e-10,1.2959999999999999e-09,1.3333333333333335e-08,1.3333333333333335e-08
0.101,0.2,0.092,0.25003052321271674,1.7805179339198407,1.9490988416912478,5.972566550746281,0.009,0.009,0.012,0.015,0.0024,0.0043,0.0041,7800.0,0.08612174324872048,0.2117788270453522,0.06034040327223308,7.585346626000212e-05,0.0007161692831109628,4.15567227237578e-06,1.2959999999999999e-09,7.289999999999999e-10,2.5312499999999995e-09,9.112499999999997e-10,1.3333333333333335e-08,1.3333333333333335e-08
0.101,0.2,0.092,0.25003052321271674,1.7805179339198407,1.9490988416912478,5.972566550746281,0.008,0.007,0.009,0.006,0.0025,0.0027,0.0037,7800.0,0.05743523276250542,0.06579716581769392,0.06072267226632187,5.0444665760026955e-05,0.00022162271323619324,4.157129672915744e-06,4.859999999999999e-10,3.8399999999999997e-10,1.26e-10,1.715e-10,1.3333333333333335e-08,1.3333333333333335e-08
0.101,0.2,0.092,0.25003052321271674,1.7805179339198407,1.9490988416912478,5.972566550746281,0.02,0.014,0.009,0.012,0.0045,0.0033,0.0028,7800.0,0.1455626976236646,0.2646998164885994,0.06143942663023839,0.00013559814442155196,0.0009047606120304724,4.159058638097635e-06,1.2149999999999998e-09,6.000000000000001e-09,2.016e-09,2.744e-09,1.3333333333333335e-08,1.3333333333333335e-08
0.098,0.213,0.107,0.24987108329741842,1.735121449034624,1.9459951429986666,5.9319569358815585,0.007,0.008,0.018,0.014,0.0037,0.0032,0.0042,7800.0,0.09706630124176584,0.1869179784331291,0.060238709918036364,7.958661775096373e-05,0.0007147300880538514,4.155234355369271e-06,3.4019999999999992e-09,5.145e-10,1.8293333333333336e-09,5.973333333333334e-10,1.3333333333333335e-08,1.3333333333333335e-08
0.098,0.213,0.107,0.24987108329741842,1.735121449034624,1.9459951429986666,5.9319569358815585,0.019,0.014,0.007,0.013,0.0028,0.004,0.004,7800.0,0.10417003548503943,0.3055047400394079,0.06043964618415997,9.085039949562657e-05,0.0011849475965920535,4.156079292368321e-06,5.430833333333333e-10,4.001083333333334e-09,2.5631666666666662e-09,2.972666666666667e-09,1.3333333333333335e-08,1.3333333333333335e-08
0.098,0.213,0.107,0.24987108329741842,1.735121449034624,1.9459951429986666,5.9319569358815585,0.016,0.008,0.016,0.007,0.0034,0.0021,0.0047,7800.0,0.19961225747805172,0.09338712739738021,0.05969348651300586,0.00017072583199983607,0.00035658648935281623,4.152526639634038e-06,5.461333333333334e-09,5.461333333333334e-09,2.286666666666667e-10,2.986666666666667e-10,1.3333333333333335e-08,1.3333333333333335e-08
0.098,0.213,0.107,0.24987108329741842,1.735121449034624,1.9459951429986666,5.9319569358815585,0.013,0.007,0.006,0.019,0.0039,0.0038,0.0026,7800.0,0.06087570580050643,0.22181828463431136,0.061571750512807596,5.1820264379583244e-05,0.00084662005871306,4.159300129183323e-06,2.3399999999999997e-10,1.0985e-09,4.001083333333334e-09,5.430833333333333e-10,1.3333333333333335e-08,1.3333333333333335e-08
0.098,0.213,0.107,0.24987108329741842,1.735121449034624,1.9459951429986666,5.9319569358815585,0.012,0.006,0.015,0.018,0.0045,0.0041,0.0037,7800.0,0.1402236978555454,0.1793533279846994,0.06072267226632187,0.0001188021501269021,0.000678736682761316,4.157129672915744e-06,3.374999999999999e-09,2.16e-09,2.9159999999999994e-09,3.2399999999999997e-10,1.3333333333333335e-08,1.3333333333333335e-08
0.119,0.163,0.032,0.24997917678135495,1.5740496591138189,2.3272527114632697,6.169465178459683,0.019,0.009,0.011,0.015,0.0035,0.0044,0.0025,7800.0,0.19830298179591954,0.1729185065051408,0.0616342367906875,0.00025098749541419517,0.000390307261855569,4.159401747492725e-06,2.1074166666666664e-09,6.287416666666666e-09,2.5312499999999995e-09,9.112499999999997e-10,1.3333333333333335e-08,1.3333333333333335e-08
0.119,0.163,0.032,0.24997917678135495,1.5740496591138189,2.3272527114632697,6.169465178459683,0.019,0.012,0.013,0.01,0.0042,0.0023,0.0025,7800.0,0.23370071915948823,0.15410744740516272,0.0616342367906875,0.0002940025708526042,0.00035010217363987253,4.159401747492725e-06,3.478583333333333e-09,7.430583333333333e-09,1e-09,1.44e-09,1.3333333333333335e-08,1.3333333333333335e-08
0.119,0.163,0.032,0.24997917678135495,1.5740496591138189,2.3272527114632697,6.169465178459683,0.015,0.016,0.017,0.008,0.0032,0.0043,0.0043,7800.0,0.24115769872751744,0.16521997289725593,0.06013456612156987,0.0003005690747305842,0.00038111410848395695,4.1547640159484796e-06,6.141250000000001e-09,4.781249999999999e-09,6.826666666666668e-10,2.730666666666667e-09,1.3333333333333335e-08,1.3333333333333335e-08
0.119,0.163,0.032,0.24997917678135495,1.5740496591138189,2.3272527114632697,6.169465178459683,0.018,0.012,0.006,0.017,0.0029,0.0022,0.0035,7800.0,0.10190669459887726,0.2621207025183875,0.06089910410974749,0.00012710989332905776,0.0005962921166318886,4.157701753168051e-06,3.2399999999999997e-10,2.9159999999999994e-09,4.9130000000000015e-09,2.4480000000000002e-09,1.3333333333333335e-08,1.3333333333333335e-08
0.119,0.163,0.032,0.24997917678135495,1.5740496591138189,2.3272527114632697,6.169465178459683,0.011,0.006,0.009,0.012,0.0047,0.0039,0.003,7800.0,0.0931557263250703,0.09169856377944423,0.061297300978589986,0.00011430852824899232,0.0002042953963905164,4.158759463600915e-06,6.682499999999997e-10,9.982499999999997e-10,8.64e-10,2.16e-10,1.3333333333333335e-08,1.3333333333333335e-08
0.112,0.204,0.072,0.2504168695650096,1.5411101521861799,2.2427472232907992,6.053318227712197,0.014,0.011,0.019,0.015,0.0039,0.0027,0.0035,7800.0,0.2366055298241512,0.2647421384268039,0.06089910410974749,0.00026074363268301033,0.0009366820252939804,4.157701753168051e-06,8.002166666666667e-09,4.344666666666667e-09,3.093749999999999e-09,1.6637499999999998e-09,1.3333333333333335e-08,1.3333333333333335e-08
0.112,0.204,0.072,0.2504168695650096,1.5411101521861799,2.2427472232907992,6.053318227712197,0.008,0.008,0.014,0.007,0.0047,0.0021,0.0031,7800.0,0.09854065479476047,0.08964166398910454,0.061222562489361095,0.00010539326548626383,0.0003152275948762576,4.158585603190346e-06,1.8293333333333336e-09,5.973333333333334e-10,2.286666666666667e-10,2.986666666666667e-10,1.3333333333333335e-08,1.3333333333333335e-08
0.112,0.204,0.072,0.2504168695650096,1.5411101521861799,2.2427472232907992,6.053318227712197,0.011,0.012,0.018,0.009,0.0031,0.0048,0.004,7800.0,0.17547286769509626,0.17340369151020762,0.06043964618415997,0.00019120398602458702,0.0006150979143873871,4.156079292368321e-06,5.345999999999998e-09,1.9964999999999995e-09,7.289999999999999e-10,1.2959999999999999e-09,1.3333333333333335e-08,1.3333333333333335e-08
0.112,0.204,0.072,0.2504168695650096,1.5411101521861799,2.2427472232907992,6.053318227712197,0.008,0.014,0.014,0.01,0.0021,0.0023,0.0026,7800.0,0.09893319484940288,0.22470520426622276,0.061571750512807596,0.0001063481404009255,0.0007967327783158821,4.159300129183323e-06,1.8293333333333336e-09,5.973333333333334e-10,1.166666666666667e-09,2.286666666666667e-09,1.3333333333333335e-08,1.3333333333333335e-08
0.112,0.204,0.072,0.2504168695650096,1.5411101521861799,2.2427472232907992,6.053318227712197,0.006,0.006,0.019,0.008,0.0035,0.0034,0.0021,7800.0,0.0998867510539129,0.07662452873902587,0.0618596774795091,0.00010563797813196825,0.0002678460471971179,4.1597021472105805e-06,3.4294999999999998e-09,3.42e-10,2.56e-10,1.44e-10,1.3333333333333335e-08,1.3333333333333335e-08
0.092,0.279,0.169,0.2502226302837912,1.527305416544305,2.0131577563515566,5.810222760837035,0.02,0.013,0.006,0.007,0.0028,0.0048,0.004,7800.0,0.08853375514062861,0.19948317784127262,0.06043964618415997,6.918889728850675e-05,0.001316604868643508,4.156079292368321e-06,3.6e-10,4e-09,3.7158333333333337e-10,1.2815833333333331e-09,1.3333333333333335e-08,1.3333333333333335e-08
0.092,0.279,0.169,0.2502226302837912,1.527305416544305,2.0131577563515566,5.810222760837035,0.011,0.008,0.006,0.019,0.0044,0.0036,0.0045,7800.0,0.04823282558760094,0.33171856858044724,0.05991892720182747,3.594153408031625e-05,0.0021671182280752323,4.153719784479627e-06,1.9800000000000001e-10,6.654999999999999e-10,4.572666666666667e-09,8.106666666666668e-10,1.3333333333333335e-08,1.3333333333333335e-08
0.092,0.279,0.169,0.2502226302837912,1.527305416544305,2.0131577563515566,5.810222760837035,0.015,0.015,0.01,0.018,0.0047,0.0038,0.0033,7800.0,0.11037463359710512,0.5922571633787683,0.06106573418409388,8.431784989194793e-05,0.003915606544494112,4.158183730658098e-06,1.2500000000000002e-09,2.8124999999999995e-09,7.289999999999998e-09,5.062499999999999e-09,1.3333333333333335e-08,1.3333333333333335e-08
0.092,0.279,0.169,0.2502226302837912,1.527305416544305,2.0131577563515566,5.810222760837035,0.007,0.019,0.014,0.018,0.004,0.0037,0.0021,7800.0,0.07072136291533729,0.7500005547712479,0.0618596774795091,5.1001560783170804e-05,0.004963839815422967,4.1597021472105805e-06,1.600666666666667e-09,4.0016666666666673e-10,9.233999999999997e-09,1.02885e-08,1.3333333333333335e-08,1.3333333333333335e-08
0.092,0.279,0.169,0.2502226302837912,1.527305416544305,2.0131577563515566,5.810222760837035,0.013,0.013,0.012,0.014,0.004,0.0049,0.0042,7800.0,0.114419094143559,0.398955447781199,0.060238709918036364,8.641322836710795e-05,0.00263312638907571,4.155234355369271e-06,1.8719999999999997e-09,2.197e-09,2.972666666666667e-09,2.5631666666666662e-09,1.3333333333333335e-08,1.3333333333333335e-08
0.102,0.185,0.079,0.2504571856529728,1.907026705379786,1.8825170822080421,6.004323790576743,0.007,0.007,0.018,0.006,0.0046,0.0033,0.0048,7800.0,0.10059350963638088,0.060685627406785285,0.059577090505190354,8.866846598783114e-05,0.00017406572584659672,4.151870020654949e-06,3.4019999999999992e-09,5.145e-10,1.26e-10,1.715e-10,1.3333333333333335e-08,1.3333333333333335e-08
0.102,0.185,0.079,0.2504571856529728,1.907026705379786,1.8825170822080421,6.004323790576743,0.008,0.012,0.019,0.013,0.0039,0.0035,0.0049,7800.0,0.12212168562538632,0.22733083630715414,0.05945824405510506,0.00010902899029025469,0.000664861835452975,4.151171054970385e-06,4.572666666666667e-09,8.106666666666668e-10,2.197e-09,1.8719999999999997e-09,1.3333333333333335e-08,1.3333333333333335e-08
0.102,0.185,0.079,0.2504571856529728,1.907026705379786,1.8825170822080421,6.004323790576743,0.007,0.018,0.007,0.012,0.0049,0.0043,0.0047,7800.0,0.03892000356183622,0.3162864315807455,0.05969348651300586,3.4006330554803655e-05,0.0009385137144080731,4.152526639634038e-06,2.0008333333333337e-10,2.0008333333333337e-10,2.5919999999999997e-09,5.831999999999999e-09,1.3333333333333335e-08,1.3333333333333335e-08
0.102,0.185,0.079,0.2504571856529728,1.907026705379786,1.8825170822080421,6.004323790576743,0.017,0.01,0.009,0.013,0.0031,0.0048,0.0026,7800.0,0.12464057384754813,0.18896854666169866,0.061571750512807596,0.00011666939423754797,0.0005491837888421733,4.159300129183323e-06,1.0327499999999998e-09,3.6847500000000005e-09,1.8308333333333335e-09,1.0833333333333335e-09,1.3333333333333335e-08,1.3333333333333335e-08
0.102,0.185,0.079,0.2504571856529728,1.907026705379786,1.8825170822080421,6.004323790576743,0.017,0.008,0.008,0.009,0.0029,0.0021,0.0048,7800.0,0.11022530660202327,0.10432006559311476,0.059577090505190354,0.00010191804008298035,0.00030094776901340155,4.151870020654949e-06,7.253333333333334e-10,3.2753333333333342e-09,4.859999999999999e-10,3.8399999999999997e-10,1.3333333333333335e-08,1.3333333333333335e-08
0.099,0.187,0.085,0.2502953407428976,1.9437407434150595,1.832660367337079,5.981423571879186,0.007,0.009,0.012,0.006,0.0024,0.0047,0.0035,7800.0,0.06514341548358207,0.07922909718682601,0.06089910410974749,5.420504371769571e-05,0.0002344825126715701,4.157701753168051e-06,1.008e-09,3.43e-10,1.6199999999999998e-10,3.6449999999999993e-10,1.3333333333333335e-08,1.3333333333333335e-08
0.099,0.187,0.085,0.2502953407428976,1.9437407434150595,1.832660367337079,5.981423571879186,0.014,0.007,0.01,0.014,0.0037,0.0022,0.0024,7800.0,0.11019423261851514,0.1437918059179042,0.0616942726262976,9.548327284913542e-05,0.0004247502607234936,4.159491876290935e-06,1.166666666666667e-09,2.286666666666667e-09,1.600666666666667e-09,4.0016666666666673e-10,1.3333333333333335e-08,1.3333333333333335e-08
0.099,0.187,0.085,0.2502953407428976,1.9437407434150595,1.832660367337079,5.981423571879186,0.019,0.019,0.015,0.016,0.0026,0.0023,0.0026,7800.0,0.22441605639933407,0.4480427268259564,0.061571750512807596,0.00019749728456687588,0.0013467920695772212,4.159300129183323e-06,5.343749999999999e-09,8.57375e-09,6.485333333333334e-09,9.145333333333334e-09,1.3333333333333335e-08,1.3333333333333335e-08
0.099,0.187,0.085,0.2502953407428976,1.9437407434150595,1.832660367337079,5.981423571879186,0.013,0.016,0.009,0.006,0.0032,0.0043,0.0045,7800.0,0.09218562285574451,0.1418963679970192,0.05991892720182747,7.994675677202899e-05,0.00042813867471495947,4.153719784479627e-06,7.897499999999998e-10,1.6477499999999998e-09,2.88e-10,2.048e-09,1.3333333333333335e-08,1.3333333333333335e-08
0.099,0.187,0.085,0.2502953407428976,1.9437407434150595,1.832660367337079,5.981423571879186,0.012,0.01,0.019,0.014,0.0031,0.004,0.0045,7800.0,0.179394018239845,0.2057360013701912,0.05991892720182747,0.00015472475124224776,0.0006111314123779674,4.153719784479627e-06,6.8589999999999996e-09,2.736e-09,2.286666666666667e-09,1.166666666666667e-09,1.3333333333333335e-08,1.3333333333333335e-08
0.114,0.2,0.064,0.2499628965134077,1.5057197479918698,2.302277184643792,6.077925361138653,0.018,0.009,0.018,0.017,0.0045,0.0038,0.0041,7800.0,0.29476341709472864,0.24013943636042184,0.06034040327223308,0.0003429815478903423,0.0008127716939100044,4.15567227237578e-06,8.747999999999997e-09,8.747999999999997e-09,3.6847500000000005e-09,1.0327499999999998e-09,1.3333333333333335e-08,1.3333333333333335e-08
0.114,0.2,0.064,0.2499628965134077,1.5057197479918698,2.302277184643792,6.077925361138653,0.019,0.013,0.015,0.016,0.0025,0.0047,0.0035,7800.0,0.25882059247777006,0.3277659124982027,0.06089910410974749,0.00030077473496365235,0.001120545259806637,4.157701753168051e-06,5.343749999999999e-09,8.57375e-09,4.437333333333334e-09,2.929333333333333e-09,1.3333333333333335e-08,1.3333333333333335e-08
0.114,0.2,0.064,0.2499628965134077,1.5057197479918698,2.302277184643792,6.077925361138653,0.008,0.013,0.007,0.011,0.0021,0.0022,0.0025,7800.0,0.05033765465757613,0.22495386636876769,0.0616342367906875,5.601894864448176e-05,0.0007658273795714801,4.159401747492725e-06,2.286666666666667e-10,2.986666666666667e-10,1.4419166666666664e-09,2.0139166666666663e-09,1.3333333333333335e-08,1.3333333333333335e-08
0.114,0.2,0.064,0.2499628965134077,1.5057197479918698,2.302277184643792,6.077925361138653,0.007,0.02,0.02,0.009,0.0026,0.0024,0.0028,7800.0,0.12568402313910518,0.28370056466544125,0.06143942663023839,0.00013942127760053173,0.0009749655688934984,4.159058638097635e-06,4.666666666666668e-09,5.716666666666668e-10,1.2149999999999998e-09,6.000000000000001e-09,1.3333333333333335e-08,1.3333333333333335e-08
0.114,0.2,0.064,0.2499628965134077,1.5057197479918698,2.302277184643792,6.077925361138653,0.009,0.009,0.006,0.018,0.0022,0.0043,0.0033,7800.0,0.04852816772768347,0.25428195027509737,0.06106573418409388,5.415309454268356e-05,0.0008607112243642257,4.158183730658098e-06,1.6199999999999998e-10,3.6449999999999993e-10,4.373999999999998e-09,1.0934999999999996e-09,1.3333333333333335e-08,1.3333333333333335e-08
0.107,0.193,0.076,0.24996449076047664,1.7153350747645895,2.0578387063248202,6.027060861931182,0.015,0.006,0.014,0.01,0.0033,0.0049,0.0022,7800.0,0.17898858476743923,0.09021801851290673,0.061806992970708394,0.0001820716894218702,0.0002800961674775995,4.159641230747279e-06,3.4300000000000004e-09,3.9375e-09,5e-10,1.8e-10,1.3333333333333335e-08,1.3333333333333335e-08
0.107,0.193,0.076,0.24996449076047664,1.7153350747645895,2.0578387063248202,6.027060861931182,0.017,0.007,0.013,0.014,0.0031,0.004,0.0047,7800.0,0.18852652563778868,0.14758753288801607,0.05969348651300586,0.00019284089017347766,0.0004598148437297743,4.152526639634038e-06,3.1124166666666666e-09,5.322416666666668e-09,1.600666666666667e-09,4.0016666666666673e-10,1.3333333333333335e-08,1.3333333333333335e-08
0.107,0.193,0.076,0.24996449076047664,1.7153350747645895,2.0578387063248202,6.027060861931182,0.006,0.013,0.012,0.014,0.0033,0.0029,0.0045,7800.0,0.06041335392578579,0.2767772813591636,0.05991892720182747,5.858555414757447e-05,0.0008814374606840029,4.153719784479627e-06,8.64e-10,2.16e-10,2.972666666666667e-09,2.5631666666666662e-09,1.3333333333333335e-08,1.3333333333333335e-08
0.107,0.193,0.076,0.24996449076047664,1.7153350747645895,2.0578387063248202,6.027060861931182,0.02,0.02,0.012,0.009,0.0026,0.0049,0.005,7800.0,0.2050619967407476,0.2752196360480348,0.05933694716274995,0.0002124200594102554,0.0008916048225023962,4.150427959883595e-06,2.88e-09,8e-09,1.2149999999999998e-09,6.000000000000001e-09,1.3333333333333335e-08,1.3333333333333335e-08
0.107,0.193,0.076,0.24996449076047664,1.7153350747645895,2.0578387063248202,6.027060861931182,0.014,0.014,0.013,0.015,0.0035,0.0021,0.0023,7800.0,0.15454528803301676,0.31884625162436026,0.061751858019637895,0.0001553698357065858,0.0010121700353684132,4.159571416115487e-06,2.5631666666666662e-09,2.972666666666667e-09,3.9375e-09,3.4300000000000004e-09,1.3333333333333335e-08,1.3333333333333335e-08
0.086,0.305,0.202,0.25017997723320556,1.502948673223037,1.96740994571833,5.740281967452573,0.009,0.017,0.019,0.017,0.004,0.002,0.0029,7800.0,0.11638027984368997,0.6917613654858509,0.061369589025549086,7.49097812267107e-05,0.005445935901010106,4.158916780463109e-06,5.14425e-09,1.1542499999999996e-09,6.960083333333336e-09,6.960083333333336e-09,1.3333333333333335e-08,1.3333333333333335e-08
0.086,0.305,0.202,0.25017997723320556,1.502948673223037,1.96740994571833,5.740281967452573,0.012,0.009,0.017,0.013,0.0046,0.004,0.0042,7800.0,0.1398153765233048,0.2794055914664275,0.060238709918036364,9.2201588442514e-05,0.0021855254123497527,4.155234355369271e-06,4.9130000000000015e-09,2.4480000000000002e-09,1.6477499999999998e-09,7.897499999999998e-10,1.3333333333333335e-08,1.3333333333333335e-08
0.086,0.305,0.202,0.25017997723320556,1.502948673223037,1.96740994571833,5.740281967452573,0.009,0.016,0.02,0.008,0.003,0.003,0.0031,7800.0,0.12275060195717998,0.3066450653871804,0.061222562489361095,7.924456394602756e-05,0.0024174804272020893,4.158585603190346e-06,6.000000000000001e-09,1.2149999999999998e-09,6.826666666666668e-10,2.730666666666667e-09,1.3333333333333335e-08,1.3333333333333335e-08
0.086,0.305,0.202,0.25017997723320556,1.502948673223037,1.96740994571833,5.740281967452573,0.011,0.007,0.01,0.017,0.0033,0.0038,0.005,7800.0,0.07528215743264911,0.2830776486673613,0.05933694716274995,4.925092883902495e-05,0.0021967183571269576,4.150427959883595e-06,9.166666666666667e-10,1.1091666666666665e-09,2.865916666666667e-09,4.859166666666667e-10,1.3333333333333335e-08,1.3333333333333335e-08
0.086,0.305,0.202,0.25017997723320556,1.502948673223037,1.96740994571833,5.740281967452573,0.006,0.015,0.006,0.007,0.0042,0.0032,0.0021,7800.0,0.024162985042769626,0.25133711786308,0.0618596774795091,1.5073208834380084e-05,0.0019774799570228575,4.1597021472105805e-06,1.08e-10,1.08e-10,4.2875000000000004e-10,1.96875e-09,1.3333333333333335e-08,1.3333333333333335e-08
0.112,0.176,0.055,0.24997335074441432,1.732177250086646,2.107546504023608,6.091032804859324,0.019,0.018,0.014,0.005,0.0027,0.0028,0.0036,7800.0,0.23678566829602737,0.125161285009852,0.06081211340916958,0.0002643399299043643,0.00033511058240149466,4.1574276237228555e-06,4.344666666666667e-09,8.002166666666667e-09,1.8750000000000002e-10,2.4299999999999997e-09,1.3333333333333335e-08,1.3333333333333335e-08
0.112,0.176,0.055,0.24997335074441432,1.732177250086646,2.107546504023608,6.091032804859324,0.012,0.02,0.017,0.016,0.0048,0.002,0.0037,7800.0,0.1808084317435458,0.4446756670498895,0.06072267226632187,0.00019729904199463998,0.0011914749690021542,4.157129672915744e-06,4.9130000000000015e-09,2.4480000000000002e-09,6.826666666666667e-09,1.066666666666667e-08,1.3333333333333335e-08,1.3333333333333335e-08
0.112,0.176,0.055,0.24997335074441432,1.732177250086646,2.107546504023608,6.091032804859324,0.019,0.011,0.02,0.011,0.0043,0.0039,0.0034,7800.0,0.33999140477538686,0.16774971566202992,0.06098364436805558,0.00038393870168496134,0.00044375847875555337,4.157953366111841e-06,1.2666666666666668e-08,1.1431666666666665e-08,1.220083333333333e-09,1.220083333333333e-09,1.3333333333333335e-08,1.3333333333333335e-08
0.112,0.176,0.055,0.24997335074441432,1.732177250086646,2.107546504023608,6.091032804859324,0.005,0.014,0.014,0.011,0.004,0.0034,0.0041,7800.0,0.060808503386550875,0.21400392620215875,0.06034040327223308,6.319239189812849e-05,0.0005700833256777137,4.15567227237578e-06,1.1433333333333335e-09,1.4583333333333337e-10,1.552833333333333e-09,2.5153333333333335e-09,1.3333333333333335e-08,1.3333333333333335e-08
0.112,0.176,0.055,0.24997335074441432,1.732177250086646,2.107546504023608,6.091032804859324,0.014,0.006,0.008,0.017,0.0039,0.0041,0.002,7800.0,0.09976833677042005,0.14028494759553212,0.06190991154604,0.0001103644869786805,0.00036433480624115783,4.159754955773021e-06,5.973333333333334e-10,1.8293333333333336e-09,2.4565000000000008e-09,3.0600000000000003e-10,1.3333333333333335e-08,1.3333333333333335e-08
0.111,0.194,0.068,0.2497310404864361,1.6111570779737747,2.181443488349265,6.05834486869008,0.009,0.006,0.008,0.02,0.0025,0.0032,0.0042,7800.0,0.06313000413941995,0.1816312834758987,0.060238709918036364,6.700807594630284e-05,0.0005711707941240033,4.155234355369271e-06,3.8399999999999997e-10,4.859999999999999e-10,4e-09,3.6e-10,1.3333333333333335e-08,1.3333333333333335e-08
0.111,0.194,0.068,0.2497310404864361,1.6111570779737747,2.181443488349265,6.05834486869008,0.012,0.018,0.015,0.016,0.002,0.0028,0.0029,7800.0,0.1581256036322088,0.44061105252463,0.061369589025549086,0.00016918423280550752,0.0014248986607337066,4.158916780463109e-06,3.374999999999999e-09,2.16e-09,6.1439999999999995e-09,7.775999999999998e-09,1.3333333333333335e-08,1.3333333333333335e-08
0.111,0.194,0.068,0.2497310404864361,1.6111570779737747,2.181443488349265,6.05834486869008,0.014,0.02,0.017,0.018,0.0024,0.0037,0.002,7800.0,0.20969682315872656,0.5508041254311257,0.06190991154604,0.00022674205673120257,0.0017850900110226886,4.159754955773021e-06,5.731833333333334e-09,3.887333333333334e-09,9.719999999999999e-09,1.2000000000000002e-08,1.3333333333333335e-08,1.3333333333333335e-08
0.111,0.194,0.068,0.2497310404864361,1.6111570779737747,2.181443488349265,6.05834486869008,0.015,0.009,0.013,0.016,0.0023,0.0047,0.0048,7800.0,0.17197397394621844,0.21881246161455697,0.059577090505190354,0.00018689943661596926,0.0006947213036988965,4.151870020654949e-06,2.74625e-09,3.656249999999999e-09,3.0719999999999997e-09,9.719999999999997e-10,1.3333333333333335e-08,1.3333333333333335e-08
0.111,0.194,0.068,0.2497310404864361,1.6111570779737747,2.181443488349265,6.05834486869008,0.019,0.014,0.014,0.01,0.0033,0.0025,0.004,7800.0,0.23484969968234698,0.21403394148742375,0.06043964618415997,0.0002580737866160486,0.0006891151555126847,4.156079292368321e-06,4.344666666666667e-09,8.002166666666667e-09,1.166666666666667e-09,2.286666666666667e-09,1.3333333333333335e-08,1.3333333333333335e-08
0.088,0.238,0.144,0.2504722209031141,1.7175197310816706,1.854590436003263,5.825672822524881,0.017,0.018,0.018,0.007,0.0036,0.0031,0.0034,7800.0,0.2155453883086776,0.23619267240009578,0.06098364436805558,0.00015205450316943284,0.0011435145404923828,4.157953366111841e-06,8.261999999999998e-09,7.369500000000001e-09,5.145e-10,3.4019999999999992e-09,1.3333333333333335e-08,1.3333333333333335e-08
0.088,0.238,0.144,0.2504722209031141,1.7175197310816706,1.854590436003263,5.825672822524881,0.017,0.012,0.005,0.007,0.0046,0.0029,0.0031,7800.0,0.059924505276025164,0.15713045303021858,0.061222562489361095,4.239666802799484e-05,0.0007552163514288595,4.158585603190346e-06,1.7708333333333337e-10,2.0470833333333336e-09,3.43e-10,1.008e-09,1.3333333333333335e-08,1.3333333333333335e-08
0.088,0.238,0.144,0.2504722209031141,1.7175197310816706,1.854590436003263,5.825672822524881,0.01,0.014,0.015,0.009,0.004,0.0031,0.0039,7800.0,0.10476015650514078,0.23597775051443012,0.06053643865381708,7.115749172505185e-05,0.001138057487010155,4.15645690399057e-06,2.8124999999999995e-09,1.2500000000000002e-09,8.504999999999998e-10,2.058e-09,1.3333333333333335e-08,1.3333333333333335e-08
0.088,0.238,0.144,0.2504722209031141,1.7175197310816706,1.854590436003263,5.825672822524881,0.009,0.009,0.006,0.007,0.0042,0.0034,0.003,7800.0,0.037592866285827586,0.11764401087132595,0.061297300978589986,2.5339030771154057e-05,0.0005629429049637205,4.158759463600915e-06,1.6199999999999998e-10,3.6449999999999993e-10,2.5725e-10,4.252499999999999e-10,1.3333333333333335e-08,1.3333333333333335e-08
0.088,0.238,0.144,0.2504722209031141,1.7175197310816706,1.854590436003263,5.825672822524881,0.01,0.014,0.015,0.008,0.0023,0.003,0.0034,7800.0,0.1047473692486709,0.20970469813865825,0.06098364436805558,7.097423603284648e-05,0.0010107329752865378,4.157953366111841e-06,2.8124999999999995e-09,1.2500000000000002e-09,5.973333333333334e-10,1.8293333333333336e-09,1.3333333333333335e-08,1.3333333333333335e-08
0.085,0.248,0.157,0.24984867288722923,1.6921127112393222,1.8429649742394232,5.792226712413942,0.017,0.011,0.011,0.006,0.0045,0.0043,0.0025,7800.0,0.12778826132786852,0.12851136087367718,0.0616342367906875,8.526878402842622e-05,0.0006690078916090716,4.159401747492725e-06,1.8855833333333333e-09,4.503583333333334e-09,1.9800000000000001e-10,6.654999999999999e-10,1.3333333333333335e-08,1.3333333333333335e-08
0.085,0.248,0.157,0.24984867288722923,1.6921127112393222,1.8429649742394232,5.792226712413942,0.012,0.014,0.014,0.017,0.0044,0.0044,0.0026,7800.0,0.11382892063596697,0.464164364036295,0.061571750512807596,7.342474924025439e-05,0.0024268983048255977,4.159300129183323e-06,2.744e-09,2.016e-09,5.731833333333334e-09,3.887333333333334e-09,1.3333333333333335e-08,1.3333333333333335e-08
0.085,0.248,0.157,0.24984867288722923,1.6921127112393222,1.8429649742394232,5.792226712413942,0.011,0.014,0.009,0.008,0.0037,0.0033,0.0036,7800.0,0.06698448290268709,0.2184978590373054,0.06081211340916958,4.284488872800129e-05,0.0011430231269429828,4.1574276237228555e-06,6.682499999999997e-10,9.982499999999997e-10,5.973333333333334e-10,1.8293333333333336e-09,1.3333333333333335e-08,1.3333333333333335e-08
0.085,0.248,0.157,0.24984867288722923,1.6921127112393222,1.8429649742394232,5.792226712413942,0.016,0.011,0.013,0.006,0.0037,0.0043,0.0027,7800.0,0.14183080495212963,0.12852461397426834,0.0615068137926579,9.376270420933195e-05,0.0006692249636627821,4.15918608406856e-06,2.929333333333333e-09,4.437333333333334e-09,1.9800000000000001e-10,6.654999999999999e-10,1.3333333333333335e-08,1.3333333333333335e-08
0.085,0.248,0.157,0.24984867288722923,1.6921127112393222,1.8429649742394232,5.792226712413942,0.011,0.008,0.007,0.016,0.0042,0.0038,0.0038,7800.0,0.052077721709734265,0.24856636908992705,0.06063078068120439,3.3336234962019615e-05,0.0012860927103637248,4.156806559129574e-06,3.144166666666667e-10,7.764166666666665e-10,2.730666666666667e-09,6.826666666666668e-10,1.3333333333333335e-08,1.3333333333333335e-08
0.114,0.16,0.041,0.25005846224273326,1.8669686872610802,2.041378789004412,6.132986164029412,0.009,0.016,0.01,0.013,0.0036,0.0027,0.0028,7800.0,0.08099876360091372,0.2628406562748825,0.06143942663023839,9.058695172471495e-05,0.000580747394219689,4.159058638097635e-06,7.500000000000001e-10,6.074999999999999e-10,2.929333333333333e-09,4.437333333333334e-09,1.3333333333333335e-08,1.3333333333333335e-08
0.114,0.16,0.041,0.25005846224273326,1.8669686872610802,2.041378789004412,6.132986164029412,0.02,0.019,0.02,0.01,0.0035,0.0044,0.0037,7800.0,0.36413107599258104,0.2410974220745777,0.06072267226632187,0.00042634329388736283,0.0005396113272547784,4.157129672915744e-06,1.3333333333333335e-08,1.3333333333333335e-08,1.5833333333333334e-09,5.7158333333333326e-09,1.3333333333333335e-08,1.3333333333333335e-08
0.114,0.16,0.041,0.25005846224273326,1.8669686872610802,2.041378789004412,6.132986164029412,0.013,0.019,0.01,0.006,0.0039,0.0029,0.0041,7800.0,0.11759661383968308,0.14445719768933465,0.06034040327223308,0.00013371385549151938,0.00032232450515973324,4.15567227237578e-06,1.0833333333333335e-09,1.8308333333333335e-09,3.42e-10,3.4294999999999998e-09,1.3333333333333335e-08,1.3333333333333335e-08
0.114,0.16,0.041,0.25005846224273326,1.8669686872610802,2.041378789004412,6.132986164029412,0.007,0.014,0.005,0.019,0.0045,0.0037,0.0041,7800.0,0.031201699867037337,0.3365096417616272,0.06034040327223308,3.423033312796545e-05,0.0007440907174454686,4.15567227237578e-06,7.291666666666669e-11,1.429166666666667e-10,8.002166666666667e-09,4.344666666666667e-09,1.3333333333333335e-08,1.3333333333333335e-08
0.114,0.16,0.041,0.25005846224273326,1.8669686872610802,2.041378789004412,6.132986164029412,0.006,0.006,0.015,0.012,0.0042,0.0036,0.0023,7800.0,0.07995391749540445,0.0901711028572845,0.061751858019637895,8.69874910908056e-05,0.00019420806862120962,4.159571416115487e-06,1.6874999999999996e-09,2.7e-10,8.64e-10,2.16e-10,1.3333333333333335e-08,1.3333333333333335e-08
0.109,0.188,0.069,0.25040290668971465,1.7154312706609245,2.079415586478204,6.048719715715,0.012,0.011,0.014,0.009,0.004,0.0047,0.0029,7800.0,0.1452670328880161,0.1464263439923497,0.061369589025549086,0.0001511140448840227,0.0004407345369900568,4.158916780463109e-06,2.744e-09,2.016e-09,6.682499999999997e-10,9.982499999999997e-10,1.3333333333333335e-08,1.3333333333333335e-08
0.109,0.188,0.069,0.25040290668971465,1.7154312706609245,2.079415586478204,6.048719715715,0.015,0.006,0.018,0.012,0.0027,0.0039,0.0034,7800.0,0.2340227272018274,0.10566268981312361,0.06098364436805558,0.0002456409539627655,0.0003123739667236207,4.157953366111841e-06,7.289999999999998e-09,5.062499999999999e-09,8.64e-10,2.16e-10,1.3333333333333335e-08,1.3333333333333335e-08
0.109,0.188,0.069,0.25040290668971465,1.7154312706609245,2.079415586478204,6.048719715715,0.01,0.007,0.018,0.019,0.0034,0.0039,0.0045,7800.0,0.15520867471968536,0.1952608775628623,0.05991892720182747,0.00015980558696660095,0.0005781491047743419,4.153719784479627e-06,4.859999999999999e-09,1.5000000000000002e-09,4.001083333333334e-09,5.430833333333333e-10,1.3333333333333335e-08,1.3333333333333335e-08
0.109,0.188,0.069,0.25040290668971465,1.7154312706609245,2.079415586478204,6.048719715715,0.016,0.017,0.013,0.016,0.0026,0.0044,0.0024,7800.0,0.18043981955716673,0.40361203560730496,0.0616942726262976,0.0001902612787090458,0.001227818896884755,4.159491876290935e-06,2.929333333333333e-09,4.437333333333334e-09,5.802666666666667e-09,6.5506666666666684e-09,1.3333333333333335e-08,1.3333333333333335e-08
0.109,0.188,0.069,0.25040290668971465,1.7154312706609245,2.079415586478204,6.048719715715,0.012,0.02,0.006,0.015,0.0036,0.0037,0.0034,7800.0,0.06228467570264744,0.4459067374757831,0.06098364436805558,6.475011214113671e-05,0.0013649445583744139,4.157953366111841e-06,2.16e-10,8.64e-10,5.624999999999999e-09,1.0000000000000002e-08,1.3333333333333335e-08,1.3333333333333335e-08
0.086,0.273,0.176,0.2497075577639581,1.5879362171330413,1.9154975065935433,5.770807943603337,0.006,0.011,0.013,0.014,0.0042,0.0044,0.0028,7800.0,0.051991863170565436,0.32991909895915034,0.06143942663023839,3.2041336238203554e-05,0.0020783026519117925,4.159058638097635e-06,1.0985e-09,2.3399999999999997e-10,2.5153333333333335e-09,1.552833333333333e-09,1.3333333333333335e-08,1.3333333333333335e-08
0.086,0.273,0.176,0.2497075577639581,1.5879362171330413,1.9154975065935433,5.770807943603337,0.019,0.017,0.014,0.011,0.0034,0.0038,0.0035,7800.0,0.18367217753448192,0.4017231266350235,0.06089910410974749,0.0001258388686836963,0.00254984205019964,4.157701753168051e-06,4.344666666666667e-09,8.002166666666667e-09,1.8855833333333333e-09,4.503583333333334e-09,1.3333333333333335e-08,1.3333333333333335e-08
0.086,0.273,0.176,0.2497075577639581,1.5879362171330413,1.9154975065935433,5.770807943603337,0.013,0.01,0.016,0.012,0.0021,0.0049,0.0049,7800.0,0.1424191372276913,0.2565842928661261,0.05945824405510506,9.392849285470682e-05,0.001610401647462843,4.151171054970385e-06,4.437333333333334e-09,2.929333333333333e-09,1.44e-09,1e-09,1.3333333333333335e-08,1.3333333333333335e-08
0.086,0.273,0.176,0.2497075577639581,1.5879362171330413,1.9154975065935433,5.770807943603337,0.009,0.019,0.01,0.015,0.0028,0.0036,0.0033,7800.0,0.061344170019703964,0.6123567356949478,0.06106573418409388,3.958954886984486e-05,0.003891537995227575,4.158183730658098e-06,7.500000000000001e-10,6.074999999999999e-10,5.343749999999999e-09,8.57375e-09,1.3333333333333335e-08,1.3333333333333335e-08
0.086,0.273,0.176,0.2497075577639581,1.5879362171330413,1.9154975065935433,5.770807943603337,0.008,0.018,0.016,0.008,0.0031,0.0021,0.0034,7800.0,0.08708403197509612,0.30893972873902587,0.06098364436805558,5.580650647130247e-05,0.0019563672488860174,4.157953366111841e-06,2.730666666666667e-09,6.826666666666668e-10,7.679999999999999e-10,3.887999999999999e-09,1.3333333333333335e-08,1.3333333333333335e-08
0.117,0.144,0.025,0.249601883990509,2.058931982167134,1.9581129276835492,6.187252788998663,0.005,0.017,0.007,0.012,0.003,0.003,0.0041,7800.0,0.03198811068501299,0.2328841825504938,0.06034040327223308,3.673778341630636e-05,0.00042179006345650444,4.15567227237578e-06,1.429166666666667e-10,7.291666666666669e-11,2.4480000000000002e-09,4.9130000000000015e-09,1.3333333333333335e-08,1.3333333333333335e-08
0.117,0.144,0.025,0.249601883990509,2.058931982167134,1.9581129276835492,6.187252788998663,0.006,0.01,0.019,0.01,0.0048,0.0025,0.0045,7800.0,0.10387274093108396,0.11342658199625746,0.05991892720182747,0.00011891345228672667,0.00020118890400028293,4.153719784479627e-06,3.4294999999999998e-09,3.42e-10,8.333333333333335e-10,8.333333333333335e-10,1.3333333333333335e-08,1.3333333333333335e-08
0.117,0.144,0.025,0.249601883990509,2.058931982167134,1.9581129276835492,6.187252788998663,0.008,0.007,0.015,0.01,0.003,0.0038,0.0038,7800.0,0.11054046124484578,0.07892958068120438,0.06063078068120439,0.0001293743434778902,0.00013805905822649307,4.156806559129574e-06,2.25e-09,6.4e-10,5.833333333333335e-10,2.858333333333334e-10,1.3333333333333335e-08,1.3333333333333335e-08
0.117,0.144,0.025,0.249601883990509,2.058931982167134,1.9581129276835492,6.187252788998663,0.008,0.01,0.018,0.013,0.0041,0.0042,0.0034,7800.0,0.13227688187124248,0.14754373028595974,0.06098364436805558,0.00015415293467623624,0.0002620254904194939,4.157953366111841e-06,3.887999999999999e-09,7.679999999999999e-10,1.8308333333333335e-09,1.0833333333333335e-09,1.3333333333333335e-08,1.3333333333333335e-08
0.117,0.144,0.025,0.249601883990509,2.058931982167134,1.9581129276835492,6.187252788998663,0.017,0.011,0.005,0.017,0.0023,0.0049,0.004,7800.0,0.07906032551868575,0.2123623767033753,0.06043964618415997,9.580643441062604e-05,0.0003782436983705026,4.156079292368321e-06,1.7708333333333337e-10,2.0470833333333336e-09,4.503583333333334e-09,1.8855833333333333e-09,1.3333333333333335e-08,1.3333333333333335e-08
0.112,0.203,0.071,0.24997312066602184,1.5397629639770678,2.246575549126371,6.055834983577813,0.01,0.013,0.015,0.014,0.0037,0.0041,0.0035,7800.0,0.1328003066539162,0.2910809351673864,0.06089910410974749,0.00014413267436076674,0.0010247170577622803,4.157701753168051e-06,2.8124999999999995e-09,1.2500000000000002e-09,2.972666666666667e-09,2.5631666666666662e-09,1.3333333333333335e-08,1.3333333333333335e-08
0.112,0.203,0.071,0.24997312066602184,1.5397629639770678,2.246575549126371,6.055834983577813,0.017,0.006,0.015,0.008,0.0027,0.0048,0.0033,7800.0,0.2274396782233862,0.07585664987571372,0.06106573418409388,0.0002539313606325568,0.00026007893504340817,4.158183730658098e-06,4.781249999999999e-09,6.141250000000001e-09,2.56e-10,1.44e-10,1.3333333333333335e-08,1.3333333333333335e-08
0.112,0.203,0.071,0.24997312066602184,1.5397629639770678,2.246575549126371,6.055834983577813,0.007,0.015,0.017,0.016,0.0023,0.003,0.0027,7800.0,0.10492991514849372,0.3837544918169983,0.0615068137926579,0.00011234245301515295,0.0013515230048978981,4.15918608406856e-06,2.865916666666667e-09,4.859166666666667e-10,5.12e-09,4.5e-09,1.3333333333333335e-08,1.3333333333333335e-08
0.112,0.203,0.071,0.24997312066602184,1.5397629639770678,2.246575549126371,6.055834983577813,0.017,0.017,0.016,0.01,0.0043,0.0029,0.0021,7800.0,0.2426202841176952,0.27170763325252917,0.0618596774795091,0.00027079276226449453,0.0009574346814581503,4.1597021472105805e-06,5.802666666666667e-09,6.5506666666666684e-09,1.416666666666667e-09,4.094166666666667e-09,1.3333333333333335e-08,1.3333333333333335e-08
0.112,0.203,0.071,0.24997312066602184,1.5397629639770678,2.246575549126371,6.055834983577813,0.014,0.014,0.017,0.007,0.0047,0.0035,0.002,7800.0,0.2119517420293404,0.15657845547952565,0.06190991154604,0.00023442646826033872,0.0005502444657111299,4.159754955773021e-06,5.731833333333334e-09,3.887333333333334e-09,4.0016666666666673e-10,1.600666666666667e-09,1.3333333333333335e-08,1.3333333333333335e-08
0.11,0.19,0.068,0.25004910287258386,1.668856430722694,2.125607359774968,6.054531405520504,0.015,0.009,0.017,0.007,0.0028,0.0049,0.0034,7800.0,0.22313067008254192,0.09387997094810621,0.06098364436805558,0.0002388979152202079,0.00028659756818449374,4.157953366111841e-06,6.141250000000001e-09,4.781249999999999e-09,2.5725e-10,4.252499999999999e-10,1.3333333333333335e-08,1.3333333333333335e-08
0.11,0.19,0.068,0.25004910287258386,1.668856430722694,2.125607359774968,6.054531405520504,0.009,0.012,0.006,0.014,0.0032,0.0045,0.0033,7800.0,0.04683291022790695,0.25141582297014503,0.06106573418409388,4.874140185144494e-05,0.0007750642995932145,4.158183730658098e-06,1.6199999999999998e-10,3.6449999999999993e-10,2.744e-09,2.016e-09,1.3333333333333335e-08,1.3333333333333335e-08
0.11,0.19,0.068,0.25004910287258386,1.668856430722694,2.125607359774968,6.054531405520504,0.011,0.008,0.006,0.012,0.0034,0.004,0.0045,7800.0,0.05751974716566465,0.14278954403159247,0.05991892720182747,6.058450264560116e-05,0.0004340966869133545,4.153719784479627e-06,1.9800000000000001e-10,6.654999999999999e-10,1.152e-09,5.12e-10,1.3333333333333335e-08,1.3333333333333335e-08
0.11,0.19,0.068,0.25004910287258386,1.668856430722694,2.125607359774968,6.054531405520504,0.019,0.02,0.008,0.012,0.0038,0.0036,0.0046,7800.0,0.13345987763614958,0.36084692729263274,0.05980743207855156,0.00014521528753378904,0.0011302756745118308,4.15314265784777e-06,8.106666666666668e-10,4.572666666666667e-09,2.88e-09,8e-09,1.3333333333333335e-08,1.3333333333333335e-08
0.11,0.19,0.068,0.25004910287258386,1.668856430722694,2.125607359774968,6.054531405520504,0.01,0.006,0.019,0.007,0.0028,0.0021,0.0032,7800.0,0.16522504890426012,0.06248390786308001,0.061145373557862384,0.00017269044294608327,0.00018972733905134898,4.158394078154065e-06,5.7158333333333326e-09,1.5833333333333334e-09,1.715e-10,1.26e-10,1.3333333333333335e-08,1.3333333333333335e-08
0.123,0.137,0.01,0.2500096621641989,1.635055060744932,2.3459897001052594,6.244714279772258,0.019,0.01,0.013,0.012,0.0022,0.0031,0.0044,7800.0,0.24092650104904514,0.1296123206233168,0.06002797188283357,0.00032143068044911,0.00020862251806876554,4.154259691956458e-06,3.478583333333333e-09,7.430583333333333e-09,1.44e-09,1e-09,1.3333333333333335e-08,1.3333333333333335e-08
0.123,0.137,0.01,0.2500096621641989,1.635055060744932,2.3459897001052594,6.244714279772258,0.011,0.007,0.017,0.018,0.0036,0.0032,0.0026,7800.0,0.18195090392197713,0.13561913166360298,0.061571750512807596,0.0002381892474421872,0.0002160235359167888,4.159300129183323e-06,4.503583333333334e-09,1.8855833333333333e-09,3.4019999999999992e-09,5.145e-10,1.3333333333333335e-08,1.3333333333333335e-08
0.123,0.137,0.01,0.2500096621641989,1.635055060744932,2.3459897001052594,6.244714279772258,0.014,0.016,0.019,0.018,0.0025,0.0027,0.0043,7800.0,0.25901887805417806,0.312776441922805,0.06013456612156987,0.0003408764524956595,0.0005126562169161428,4.1547640159484796e-06,8.002166666666667e-09,4.344666666666667e-09,7.775999999999998e-09,6.1439999999999995e-09,1.3333333333333335e-08,1.3333333333333335e-08
0.123,0.137,0.01,0.2500096621641989,1.635055060744932,2.3459897001052594,6.244714279772258,0.006,0.01,0.007,0.008,0.0032,0.0034,0.0021,7800.0,0.040441036274071286,0.08642132873902587,0.0618596774795091,5.158864995117093e-05,0.0001389937566485862,4.1597021472105805e-06,1.715e-10,1.26e-10,4.266666666666667e-10,6.666666666666668e-10,1.3333333333333335e-08,1.3333333333333335e-08
0.123,0.137,0.01,0.2500096621641989,1.635055060744932,2.3459897001052594,6.244714279772258,0.01,0.013,0.006,0.018,0.0025,0.0035,0.0045,7800.0,0.0582880022701305,0.2537694281804174,0.05991892720182747,7.594001273552284e-05,0.00041320062103089464,4.153719784479627e-06,1.8e-10,5e-10,6.317999999999998e-09,3.2954999999999996e-09,1.3333333333333335e-08,1.3333333333333335e-08
0.109,0.206,0.08,0.24981760212403256,1.5871345478121166,2.171846357588581,6.026404474700631,0.016,0.019,0.013,0.01,0.0047,0.0039,0.0048,7800.0,0.1808473713584349,0.30939546457950373,0.059577090505190354,0.00019174037689303688,0.001133996736285892,4.151870020654949e-06,2.929333333333333e-09,4.437333333333334e-09,1.5833333333333334e-09,5.7158333333333326e-09,1.3333333333333335e-08,1.3333333333333335e-08
0.109,0.206,0.08,0.24981760212403256,1.5871345478121166,2.171846357588581,6.026404474700631,0.019,0.018,0.013,0.018,0.0044,0.0026,0.0044,7800.0,0.2146623195571667,0.5265681501560768,0.06002797188283357,0.00022898189855279576,0.0019203295074203517,4.154259691956458e-06,3.478583333333333e-09,7.430583333333333e-09,8.747999999999997e-09,8.747999999999997e-09,1.3333333333333335e-08,1.3333333333333335e-08
0.109,0.206,0.08,0.24981760212403256,1.5871345478121166,2.171846357588581,6.026404474700631,0.006,0.007,0.019,0.013,0.0021,0.0035,0.0037,7800.0,0.09747340250979375,0.14670823464444507,0.06072267226632187,9.811901875483558e-05,0.0005233526477908505,4.157129672915744e-06,3.4294999999999998e-09,3.42e-10,1.2815833333333331e-09,3.7158333333333337e-10,1.3333333333333335e-08,1.3333333333333335e-08
0.109,0.206,0.08,0.24981760212403256,1.5871345478121166,2.171846357588581,6.026404474700631,0.006,0.011,0.013,0.007,0.0028,0.0023,0.0046,7800.0,0.06682135502241957,0.1246614215343663,0.05980743207855156,6.747429535551988e-05,0.0004491935753557142,4.15314265784777e-06,1.0985e-09,2.3399999999999997e-10,3.144166666666667e-10,7.764166666666665e-10,1.3333333333333335e-08,1.3333333333333335e-08
0.109,0.206,0.08,0.24981760212403256,1.5871345478121166,2.171846357588581,6.026404474700631,0.009,0.006,0.016,0.006,0.0043,0.0047,0.0049,7800.0,0.12350564210766059,0.057498159170433265,0.05945824405510506,0.0001258956803333526,0.00020139016563130074,4.151171054970385e-06,3.0719999999999997e-09,9.719999999999997e-10,1.08e-10,1.08e-10,1.3333333333333335e-08,1.3333333333333335e-08
0.078,0.228,0.149,0.24998165193193006,1.8626295232768055,1.686330627079151,5.774616015813361,0.016,0.008,0.007,0.018,0.0045,0.0034,0.0023,7800.0,0.07022742004945906,0.2574326721489241,0.061751858019637895,3.952367462490094e-05,0.0011287807674750128,4.159571416115487e-06,4.573333333333334e-10,2.3893333333333338e-09,3.887999999999999e-09,7.679999999999999e-10,1.3333333333333335e-08,1.3333333333333335e-08
0.078,0.228,0.149,0.24998165193193006,1.8626295232768055,1.686330627079151,5.774616015813361,0.005,0.018,0.008,0.01,0.003,0.0026,0.0023,7800.0,0.02443722059655903,0.3228136042662227,0.061751858019637895,1.25931702352327e-05,0.001431054191869938,4.159571416115487e-06,2.1333333333333335e-10,8.333333333333336e-11,1.5000000000000002e-09,4.859999999999999e-09,1.3333333333333335e-08,1.3333333333333335e-08
0.078,0.228,0.149,0.24998165193193006,1.8626295232768055,1.686330627079151,5.774616015813361,0.014,0.017,0.01,0.016,0.0044,0.0048,0.0034,7800.0,0.08760173119401195,0.4890319478985968,0.06098364436805558,4.8801258681082627e-05,0.002178452999975001,4.157953366111841e-06,1.166666666666667e-09,2.286666666666667e-09,5.802666666666667e-09,6.5506666666666684e-09,1.3333333333333335e-08,1.3333333333333335e-08
0.078,0.228,0.149,0.24998165193193006,1.8626295232768055,1.686330627079151,5.774616015813361,0.016,0.019,0.018,0.01,0.0029,0.0038,0.0041,7800.0,0.1802249727360781,0.34183549197671875,0.06034040327223308,0.00010085479719905188,0.0015266285808030536,4.15567227237578e-06,7.775999999999998e-09,6.1439999999999995e-09,1.5833333333333334e-09,5.7158333333333326e-09,1.3333333333333335e-08,1.3333333333333335e-08
0.078,0.228,0.149,0.24998165193193006,1.8626295232768055,1.686330627079151,5.774616015813361,0.006,0.006,0.011,0.008,0.0049,0.004,0.0038,7800.0,0.03974909963159576,0.08533153074614575,0.06063078068120439,2.0074048674387987e-05,0.0003699667453620427,4.156806559129574e-06,6.654999999999999e-10,1.9800000000000001e-10,2.56e-10,1.44e-10,1.3333333333333335e-08,1.3333333333333335e-08
0.076,0.327,0.24,0.25025068526607813,1.507382419770035,1.8679447622625385,5.645255713126007,0.011,0.015,0.018,0.008,0.0044,0.0046,0.0047,7800.0,0.11985606356524657,0.30830476743662305,0.05969348651300586,6.192867661632943e-05,0.0027944954207396377,4.152526639634038e-06,5.345999999999998e-09,1.9964999999999995e-09,6.4e-10,2.25e-09,1.3333333333333335e-08,1.3333333333333335e-08
0.076,0.327,0.24,0.25025068526607813,1.507382419770035,1.8679447622625385,5.645255713126007,0.014,0.008,0.017,0.011,0.0028,0.0031,0.0039,7800.0,0.14474547075165953,0.22518265062874795,0.06053643865381708,7.58971048103017e-05,0.0020214749569716878,4.15645690399057e-06,5.731833333333334e-09,3.887333333333334e-09,8.873333333333333e-10,4.693333333333334e-10,1.3333333333333335e-08,1.3333333333333335e-08
0.076,0.327,0.24,0.25025068526607813,1.507382419770035,1.8679447622625385,5.645255713126007,0.006,0.014,0.007,0.009,0.004,0.0037,0.0043,7800.0,0.024885671457668648,0.32353255727455127,0.06013456612156987,1.2137296265933809e-05,0.0029279713304150314,4.1547640159484796e-06,1.715e-10,1.26e-10,8.504999999999998e-10,2.058e-09,1.3333333333333335e-08,1.3333333333333335e-08
0.076,0.327,0.24,0.25025068526607813,1.507382419770035,1.8679447622625385,5.645255713126007,0.006,0.008,0.016,0.008,0.0027,0.0032,0.004,7800.0,0.057399509880416213,0.16374952789680897,0.06043964618415997,2.8404239139425447e-05,0.0014696673940016918,4.156079292368321e-06,2.048e-09,2.88e-10,3.413333333333334e-10,3.413333333333334e-10,1.3333333333333335e-08,1.3333333333333335e-08
0.076,0.327,0.24,0.25025068526607813,1.507382419770035,1.8679447622625385,5.645255713126007,0.019,0.015,0.01,0.006,0.0029,0.0034,0.005,7800.0,0.11607691669680231,0.23115857745924165,0.05933694716274995,6.30002867857915e-05,0.0020938292743573413,4.150427959883595e-06,1.5833333333333334e-09,5.7158333333333326e-09,2.7e-10,1.6874999999999996e-09,1.3333333333333335e-08,1.3333333333333335e-08
0.083,0.233,0.147,0.2498770291743516,1.7863593350512397,1.7711311691180172,5.799336212933961,0.018,0.008,0.009,0.008,0.0021,0.0024,0.0033,7800.0,0.107161177547613,0.11692032272415662,0.06106573418409388,6.718252129229595e-05,0.0005353243004245851,4.158183730658098e-06,1.0934999999999996e-09,4.373999999999998e-09,3.413333333333334e-10,3.413333333333334e-10,1.3333333333333335e-08,1.3333333333333335e-08
0.083,0.233,0.147,0.2498770291743516,1.7863593350512397,1.7711311691180172,5.799336212933961,0.007,0.018,0.016,0.006,0.0042,0.0045,0.0037,7800.0,0.07259506969589108,0.1984855198404448,0.06072267226632187,4.2428005762221274e-05,0.0009241591168190908,4.157129672915744e-06,2.3893333333333338e-09,4.573333333333334e-10,3.2399999999999997e-10,2.9159999999999994e-09,1.3333333333333335e-08,1.3333333333333335e-08
0.083,0.233,0.147,0.2498770291743516,1.7863593350512397,1.7711311691180172,5.799336212933961,0.005,0.013,0.007,0.011,0.0031,0.0044,0.0032,7800.0,0.02244043703026813,0.2621320599923827,0.061145373557862384,1.2770576554343359e-05,0.0012109119228875737,4.158394078154065e-06,1.429166666666667e-10,7.291666666666669e-11,1.4419166666666664e-09,2.0139166666666663e-09,1.3333333333333335e-08,1.3333333333333335e-08
0.083,0.233,0.147,0.2498770291743516,1.7863593350512397,1.7711311691180172,5.799336212933961,0.008,0.017,0.005,0.012,0.0042,0.0046,0.0048,7800.0,0.026080335499146987,0.37497895355024524,0.059577090505190354,1.5454896107582074e-05,0.0017458667678695982,4.151870020654949e-06,8.333333333333336e-11,2.1333333333333335e-10,2.4480000000000002e-09,4.9130000000000015e-09,1.3333333333333335e-08,1.3333333333333335e-08
0.083,0.233,0.147,0.2498770291743516,1.7863593350512397,1.7711311691180172,5.799336212933961,0.013,0.011,0.011,0.009,0.0038,0.0048,0.0032,7800.0,0.09484874915251708,0.18117650882837372,0.061145373557862384,5.8870383751659854e-05,0.0008336334728490012,4.158394078154065e-06,1.4419166666666664e-09,2.0139166666666663e-09,6.682499999999997e-10,9.982499999999997e-10,1.3333333333333335e-08,1.3333333333333335e-08
0.12,0.144,0.02,0.24997483497894474,1.8146536101202406,2.1564818702521715,6.207355078853072,0.014,0.018,0.013,0.013,0.0038,0.0041,0.0029,7800.0,0.17347068956973433,0.26720849499355837,0.061369589025549086,0.00021919225234446834,0.0004849780003889545,4.158916780463109e-06,2.5631666666666662e-09,2.972666666666667e-09,3.2954999999999996e-09,6.317999999999998e-09,1.3333333333333335e-08,1.3333333333333335e-08
0.12,0.144,0.02,0.24997483497894474,1.8146536101202406,2.1564818702521715,6.207355078853072,0.019,0.02,0.008,0.015,0.0035,0.0028,0.002,7800.0,0.14502205229599432,0.34148800363220877,0.06190991154604,0.00018537817895870955,0.0006176563980591,4.159754955773021e-06,8.106666666666668e-10,4.572666666666667e-09,5.624999999999999e-09,1.0000000000000002e-08,1.3333333333333335e-08,1.3333333333333335e-08
0.12,0.144,0.02,0.24997483497894474,1.8146536101202406,2.1564818702521715,6.207355078853072,0.02,0.019,0.01,0.016,0.0043,0.0036,0.0025,7800.0,0.19143533976536972,0.34680204015988564,0.0616342367906875,0.0002470739831014667,0.0006290735688374331,4.159401747492725e-06,1.666666666666667e-09,6.666666666666668e-09,6.485333333333334e-09,9.145333333333334e-09,1.3333333333333335e-08,1.3333333333333335e-08
0.12,0.144,0.02,0.24997483497894474,1.8146536101202406,2.1564818702521715,6.207355078853072,0.01,0.011,0.011,0.007,0.0023,0.0039,0.0045,7800.0,0.10423836317040022,0.08748829804947558,0.05991892720182747,0.00012931344548736405,0.00015592615444042917,4.153719784479627e-06,1.1091666666666665e-09,9.166666666666667e-10,3.144166666666667e-10,7.764166666666665e-10,1.3333333333333335e-08,1.3333333333333335e-08
0.12,0.144,0.02,0.24997483497894474,1.8146536101202406,2.1564818702521715,6.207355078853072,0.009,0.008,0.014,0.015,0.0042,0.0044,0.0033,7800.0,0.11898871726060893,0.1356078795501956,0.06106573418409388,0.0001466827696910612,0.00023844466483591327,4.158183730658098e-06,2.058e-09,8.504999999999998e-10,2.25e-09,6.4e-10,1.3333333333333335e-08,1.3333333333333335e-08
0.12,0.157,0.027,0.2503827537604574,1.594969999272678,2.3236660710920054,6.185557371427333,0.02,0.006,0.008,0.009,0.0044,0.0035,0.0029,7800.0,0.15314043039703243,0.06633715191088345,0.061369589025549086,0.00019763455091570596,0.00013749593201818882,4.158916780463109e-06,8.533333333333334e-10,5.333333333333335e-09,3.6449999999999993e-10,1.6199999999999998e-10,1.3333333333333335e-08,1.3333333333333335e-08
0.12,0.157,0.027,0.2503827537604574,1.594969999272678,2.3236660710920054,6.185557371427333,0.007,0.016,0.007,0.009,0.0049,0.0046,0.0043,7800.0,0.04574243664677981,0.17915453919005467,0.06013456612156987,5.5051576911186167e-05,0.00038429722218311595,4.1547640159484796e-06,2.0008333333333337e-10,2.0008333333333337e-10,9.719999999999997e-10,3.0719999999999997e-09,1.3333333333333335e-08,1.3333333333333335e-08
0.12,0.157,0.027,0.2503827537604574,1.594969999272678,2.3236660710920054,6.185557371427333,0.015,0.013,0.01,0.017,0.0028,0.0033,0.0046,7800.0,0.14282108040716612,0.27410780132324863,0.05980743207855156,0.0001802259888710284,0.0005823192528404913,4.15314265784777e-06,1.2500000000000002e-09,2.8124999999999995e-09,5.322416666666668e-09,3.1124166666666666e-09,1.3333333333333335e-08,1.3333333333333335e-08
0.12,0.157,0.027,0.2503827537604574,1.594969999272678,2.3236660710920054,6.185557371427333,0.008,0.013,0.014,0.006,0.0021,0.0049,0.002,7800.0,0.1054521450742299,0.09658822668034353,0.06190991154604,0.0001290641239411956,0.0002045351984108904,4.159754955773021e-06,1.8293333333333336e-09,5.973333333333334e-10,2.3399999999999997e-10,1.0985e-09,1.3333333333333335e-08,1.3333333333333335e-08
0.12,0.157,0.027,0.2503827537604574,1.594969999272678,2.3236660710920054,6.185557371427333,0.007,0.008,0.015,0.018,0.0046,0.0026,0.0023,7800.0,0.09866278694351935,0.17776548767920092,0.061751858019637895,0.00012012207878522037,0.00037221346204429674,4.159571416115487e-06,1.96875e-09,4.2875000000000004e-10,3.887999999999999e-09,7.679999999999999e-10,1.3333333333333335e-08,1.3333333333333335e-08
0.06,0.328,0.266,0.24978742799146464,1.5662160440084287,1.693041875029555,5.5278030435441625,0.008,0.011,0.013,0.019,0.0022,0.0034,0.0023,7800.0,0.04963727427019657,0.5373903972683087,0.061751858019637895,1.58468779572707e-05,0.004872614969018232,4.159571416115487e-06,1.4646666666666666e-09,5.546666666666667e-10,6.287416666666666e-09,2.1074166666666664e-09,1.3333333333333335e-08,1.3333333333333335e-08
0.06,0.328,0.266,0.24978742799146464,1.5662160440084287,1.693041875029555,5.5278030435441625,0.008,0.008,0.006,0.01,0.0035,0.0048,0.0034,7800.0,0.02272061838448135,0.20511076743662296,0.06098364436805558,7.201671096483634e-06,0.0018487981279775344,4.157953366111841e-06,1.44e-10,2.56e-10,6.666666666666668e-10,4.266666666666667e-10,1.3333333333333335e-08,1.3333333333333335e-08
0.06,0.328,0.266,0.24978742799146464,1.5662160440084287,1.693041875029555,5.5278030435441625,0.02,0.017,0.019,0.02,0.0028,0.0047,0.0047,7800.0,0.18547126748608206,0.8769073730260118,0.05969348651300586,6.719537620346954e-05,0.008014263715129885,4.152526639634038e-06,1.1431666666666665e-08,1.2666666666666668e-08,1.1333333333333336e-08,8.188333333333335e-09,1.3333333333333335e-08,1.3333333333333335e-08
0.06,0.328,0.266,0.24978742799146464,1.5662160440084287,1.693041875029555,5.5278030435441625,0.009,0.007,0.019,0.007,0.002,0.0041,0.0038,7800.0,0.0816738890773594,0.1255312043837031,0.06063078068120439,2.628857329459794e-05,0.0011294790801766343,4.156806559129574e-06,5.14425e-09,1.1542499999999996e-09,2.0008333333333337e-10,2.0008333333333337e-10,1.3333333333333335e-08,1.3333333333333335e-08
0.06,0.328,0.266,0.24978742799146464,1.5662160440084287,1.693041875029555,5.5278030435441625,0.008,0.006,0.013,0.013,0.0032,0.0031,0.0037,7800.0,0.04964643843069525,0.19976816259119398,0.06072267226632187,1.5872767688831816e-05,0.0017960034664414118,4.157129672915744e-06,1.4646666666666666e-09,5.546666666666667e-10,1.0985e-09,2.3399999999999997e-10,1.3333333333333335e-08,1.3333333333333335e-08
0.116,0.176,0.046,0.24983122859812845,1.589773246255774,2.267959460437031,6.124992085614959,0.011,0.006,0.018,0.017,0.005,0.0037,0.0036,7800.0,0.18160219748616463,0.14015410782416773,0.06081211340916958,0.000211902792306326,0.0003633420052301141,4.1574276237228555e-06,5.345999999999998e-09,1.9964999999999995e-09,2.4565000000000008e-09,3.0600000000000003e-10,1.3333333333333335e-08,1.3333333333333335e-08
0.116,0.176,0.046,0.24983122859812845,1.589773246255774,2.267959460437031,6.124992085614959,0.015,0.008,0.006,0.007,0.0029,0.0044,0.0024,7800.0,0.0829735682725148,0.0772847055781959,0.0616942726262976,9.836252644059137e-05,0.00020229386786332893,4.159491876290935e-06,2.7e-10,1.6874999999999996e-09,2.286666666666667e-10,2.986666666666667e-10,1.3333333333333335e-08,1.3333333333333335e-08
0.116,0.176,0.046,0.24983122859812845,1.589773246255774,2.267959460437031,6.124992085614959,0.015,0.012,0.012,0.01,0.0025,0.0039,0.0049,7800.0,0.16577920526670273,0.16645174135446109,0.05945824405510506,0.0001960143525113373,0.00044137283253543343,4.151171054970385e-06,2.16e-09,3.374999999999999e-09,1e-09,1.44e-09,1.3333333333333335e-08,1.3333333333333335e-08
0.116,0.176,0.046,0.24983122859812845,1.589773246255774,2.267959460437031,6.124992085614959,0.019,0.006,0.017,0.013,0.0039,0.0022,0.0034,7800.0,0.29784648688084664,0.10747583427019657,0.06098364436805558,0.00035629355361695,0.00028004668284308806,4.157953366111841e-06,7.778916666666669e-09,9.716916666666666e-09,1.0985e-09,2.3399999999999997e-10,1.3333333333333335e-08,1.3333333333333335e-08
0.116,0.176,0.046,0.24983122859812845,1.589773246255774,2.267959460437031,6.124992085614959,0.019,0.018,0.017,0.009,0.0042,0.0049,0.0033,7800.0,0.2993760808771702,0.22565015020763948,0.06106573418409388,0.00036235175894731863,0.0006064229388805127,4.158183730658098e-06,7.778916666666669e-09,9.716916666666666e-09,1.0934999999999996e-09,4.373999999999998e-09,1.3333333333333335e-08,1.3333333333333335e-08
0.111,0.184,0.062,0.2498754670964362,1.686666718585056,2.1269062155066427,6.071436987043397,0.013,0.005,0.007,0.006,0.0021,0.0039,0.0031,7800.0,0.08007584064666413,0.04296270034295344,0.061222562489361095,8.620293316730875e-05,0.00012091579208257034,4.158585603190346e-06,3.7158333333333337e-10,1.2815833333333331e-09,9e-11,6.25e-11,1.3333333333333335e-08,1.3333333333333335e-08
0.111,0.184,0.062,0.2498754670964362,1.686666718585056,2.1269062155066427,6.071436987043397,0.01,0.013,0.011,0.01,0.0025,0.0035,0.0041,7800.0,0.09656533749523925,0.18864895369099027,0.06034040327223308,0.00010291501279121036,0.0005473029790133293,4.15567227237578e-06,1.1091666666666665e-09,9.166666666666667e-10,1.0833333333333335e-09,1.8308333333333335e-09,1.3333333333333335e-08,1.3333333333333335e-08
0.111,0.184,0.062,0.2498754670964362,1.686666718585056,2.1269062155066427,6.071436987043397,0.019,0.012,0.013,0.014,0.0048,0.0038,0.0043,7800.0,0.21915209627115653,0.24359646276194202,0.06013456612156987,0.00024359230890475678,0.0007052318508106724,4.1547640159484796e-06,3.478583333333333e-09,7.430583333333333e-09,2.744e-09,2.016e-09,1.3333333333333335e-08,1.3333333333333335e-08
0.111,0.184,0.062,0.2498754670964362,1.686666718585056,2.1269062155066427,6.071436987043397,0.012,0.006,0.014,0.013,0.0031,0.0028,0.0036,7800.0,0.14782347238371962,0.11223598102561518,0.06081211340916958,0.00015875334534856705,0.00031893621245687915,4.1574276237228555e-06,2.744e-09,2.016e-09,1.0985e-09,2.3399999999999997e-10,1.3333333333333335e-08,1.3333333333333335e-08
0.111,0.184,0.062,0.2498754670964362,1.686666718585056,2.1269062155066427,6.071436987043397,0.009,0.015,0.006,0.013,0.0031,0.0027,0.0041,7800.0,0.047353492884605684,0.28311609109217906,0.06034040327223308,5.027615585585317e-05,0.0008233187822569364,4.15567227237578e-06,1.6199999999999998e-10,3.6449999999999993e-10,2.74625e-09,3.656249999999999e-09,1.3333333333333335e-08,1.3333333333333335e-08
0.099,0.261,0.14,0.2501517435462807,1.515825577695892,2.0980393549956577,5.883760067298991,0.006,0.017,0.006,0.009,0.0046,0.0041,0.003,7800.0,0.027625030605235388,0.3142909369128704,0.061297300978589986,2.2497335119854818e-05,0.0018247121032665097,4.158759463600915e-06,1.08e-10,1.08e-10,1.0327499999999998e-09,3.6847500000000005e-09,1.3333333333333335e-08,1.3333333333333335e-08
0.099,0.261,0.14,0.2501517435462807,1.515825577695892,2.0980393549956577,5.883760067298991,0.015,0.018,0.01,0.009,0.0021,0.004,0.0045,7800.0,0.11814816183183453,0.33317125802369424,0.05991892720182747,0.00010282609097621221,0.001940160003558443,4.153719784479627e-06,1.2500000000000002e-09,2.8124999999999995e-09,1.0934999999999996e-09,4.373999999999998e-09,1.3333333333333335e-08,1.3333333333333335e-08
0.099,0.261,0.14,0.2501517435462807,1.515825577695892,2.0980393549956577,5.883760067298991,0.01,0.019,0.006,0.014,0.0023,0.004,0.0027,7800.0,0.04702365126113937,0.5464759019837725,0.0615068137926579,4.006603305780421e-05,0.0031765276781447935,4.15918608406856e-06,1.8e-10,5e-10,4.344666666666667e-09,8.002166666666667e-09,1.3333333333333335e-08,1.3333333333333335e-08
0.099,0.261,0.14,0.2501517435462807,1.515825577695892,2.0980393549956577,5.883760067298991,0.017,0.009,0.018,0.005,0.0028,0.0048,0.0031,7800.0,0.2419579054218859,0.09199736324863786,0.061222562489361095,0.00021371945951637958,0.0005276625468435866,4.158585603190346e-06,8.261999999999998e-09,7.369500000000001e-09,9.375000000000001e-11,3.0374999999999996e-10,1.3333333333333335e-08,1.3333333333333335e-08
0.099,0.261,0.14,0.2501517435462807,1.515825577695892,2.0980393549956577,5.883760067298991,0.008,0.016,0.012,0.008,0.0042,0.0022,0.0039,7800.0,0.07487478173324687,0.26264489264981017,0.06053643865381708,6.301167547085573e-05,0.0015206729722177005,4.15645690399057e-06,1.152e-09,5.12e-10,6.826666666666668e-10,2.730666666666667e-09,1.3333333333333335e-08,1.3333333333333335e-08
0.122,0.15,0.018,0.24995614767479746,1.5036650088644725,2.443370180227508,6.216960439773585,0.019,0.011,0.015,0.009,0.0026,0.0025,0.0039,7800.0,0.2756791404776213,0.11711784395002704,0.06053643865381708,0.00036180282965587177,0.00022594080139233706,4.15645690399057e-06,5.343749999999999e-09,8.57375e-09,6.682499999999997e-10,9.982499999999997e-10,1.3333333333333335e-08,1.3333333333333335e-08
0.122,0.15,0.018,0.24995614767479746,1.5036650088644725,2.443370180227508,6.216960439773585,0.014,0.016,0.014,0.013,0.0041,0.0046,0.0034,7800.0,0.18990736474554926,0.24724379969029464,0.06098364436805558,0.0002480128654530619,0.00048448697296092126,4.157953366111841e-06,3.201333333333334e-09,3.201333333333334e-09,2.929333333333333e-09,4.437333333333334e-09,1.3333333333333335e-08,1.3333333333333335e-08
0.122,0.15,0.018,0.24995614767479746,1.5036650088644725,2.443370180227508,6.216960439773585,0.017,0.013,0.02,0.006,0.0034,0.0032,0.0043,7800.0,0.329624617925918,0.09248548190382967,0.06013456612156987,0.0004328172909342093,0.00017965709771324074,4.1547640159484796e-06,1.1333333333333336e-08,8.188333333333335e-09,2.3399999999999997e-10,1.0985e-09,1.3333333333333335e-08,1.3333333333333335e-08
0.122,0.15,0.018,0.24995614767479746,1.5036650088644725,2.443370180227508,6.216960439773585,0.005,0.009,0.006,0.013,0.0033,0.0042,0.004,7800.0,0.028376833230639074,0.13795259146642758,0.06043964618415997,3.493960284090448e-05,0.0002641709391083608,4.156079292368321e-06,9e-11,6.25e-11,1.6477499999999998e-09,7.897499999999998e-10,1.3333333333333335e-08,1.3333333333333335e-08
0.122,0.15,0.018,0.24995614767479746,1.5036650088644725,2.443370180227508,6.216960439773585,0.015,0.008,0.019,0.008,0.0041,0.0046,0.0046,7800.0,0.27645649358324537,0.07510226566284124,0.05980743207855156,0.00036248460345291155,0.0001424565298973602,4.15314265784777e-06,8.57375e-09,5.343749999999999e-09,3.413333333333334e-10,3.413333333333334e-10,1.3333333333333335e-08,1.3333333333333335e-08
0.082,0.253,0.166,0.24993062920924458,1.6947365583522471,1.813214897391132,5.7647491614640884,0.012,0.009,0.015,0.009,0.0032,0.003,0.0041,7800.0,0.11771240590233928,0.1606652569128703,0.06034040327223308,7.056661560198206e-05,0.0008673756496419997,4.15567227237578e-06,3.374999999999999e-09,2.16e-09,5.467499999999998e-10,5.467499999999998e-10,1.3333333333333335e-08,1.3333333333333335e-08
0.082,0.253,0.166,0.24993062920924458,1.6947365583522471,1.813214897391132,5.7647491614640884,0.011,0.017,0.007,0.015,0.004,0.0034,0.0034,7800.0,0.050289571693275435,0.5078550665520833,0.06098364436805558,3.0035154022108838e-05,0.002772160663750242,4.157953366111841e-06,3.144166666666667e-10,7.764166666666665e-10,4.781249999999999e-09,6.141250000000001e-09,1.3333333333333335e-08,1.3333333333333335e-08
0.082,0.253,0.166,0.24993062920924458,1.6947365583522471,1.813214897391132,5.7647491614640884,0.011,0.017,0.007,0.015,0.002,0.0033,0.002,7800.0,0.05020226600554685,0.5071195842976003,0.06190991154604,2.980519668680304e-05,0.002759834538459193,4.159754955773021e-06,3.144166666666667e-10,7.764166666666665e-10,4.781249999999999e-09,6.141250000000001e-09,1.3333333333333335e-08,1.3333333333333335e-08
0.082,0.253,0.166,0.24993062920924458,1.6947365583522471,1.813214897391132,5.7647491614640884,0.012,0.007,0.013,0.007,0.0048,0.0029,0.0033,7800.0,0.10195762169498064,0.09705378312337504,0.06106573418409388,6.124123184252332e-05,0.0005221380685130228,4.158183730658098e-06,2.197e-09,1.8719999999999997e-09,2.0008333333333337e-10,2.0008333333333337e-10,1.3333333333333335e-08,1.3333333333333335e-08
0.082,0.253,0.166,0.24993062920924458,1.6947365583522471,1.813214897391132,5.7647491614640884,0.018,0.018,0.014,0.014,0.0035,0.0036,0.0045,7800.0,0.16599493226324194,0.5024092084276979,0.05991892720182747,0.00010346142298337131,0.002750153921496494,4.153719784479627e-06,4.116e-09,6.8039999999999984e-09,4.116e-09,6.8039999999999984e-09,1.3333333333333335e-08,1.3333333333333335e-08
0.118,0.155,0.03,0.2496902339425563,1.7245119855568558,2.196056593311922,6.1730728175555845,0.01,0.018,0.015,0.017,0.0032,0.0044,0.0027,7800.0,0.13978600908052194,0.37565170782416774,0.0615068137926579,0.00016791906677216903,0.0007863693462837678,4.15918608406856e-06,2.8124999999999995e-09,1.2500000000000002e-09,7.369500000000001e-09,8.261999999999998e-09,1.3333333333333335e-08,1.3333333333333335e-08
0.118,0.155,0.03,0.2496902339425563,1.7245119855568558,2.196056593311922,6.1730728175555845,0.009,0.01,0.018,0.011,0.0021,0.0044,0.005,7800.0,0.15059038442610834,0.13403330547507092,0.05933694716274995,0.0001797196633775204,0.0002744074790571381,4.150427959883595e-06,4.373999999999998e-09,1.0934999999999996e-09,1.1091666666666665e-09,9.166666666666667e-10,1.3333333333333335e-08,1.3333333333333335e-08
0.118,0.155,0.03,0.2496902339425563,1.7245119855568558,2.196056593311922,6.1730728175555845,0.008,0.017,0.012,0.019,0.0034,0.0031,0.0049,7800.0,0.08923572411444998,0.39667136621724286,0.05945824405510506,0.00010629803280015398,0.0008301815426379766,4.151171054970385e-06,1.152e-09,5.12e-10,9.716916666666666e-09,7.778916666666669e-09,1.3333333333333335e-08,1.3333333333333335e-08
0.118,0.155,0.03,0.2496902339425563,1.7245119855568558,2.196056593311922,6.1730728175555845,0.005,0.015,0.016,0.016,0.0028,0.0029,0.002,7800.0,0.07381761252462997,0.2935300004572713,0.06190991154604,8.639015308884042e-05,0.0006071437265590693,4.159754955773021e-06,1.7066666666666668e-09,1.666666666666667e-10,5.12e-09,4.5e-09,1.3333333333333335e-08,1.3333333333333335e-08
0.118,0.155,0.03,0.2496902339425563,1.7245119855568558,2.196056593311922,6.1730728175555845,0.018,0.009,0.006,0.006,0.0027,0.0043,0.0023,7800.0,0.1014040139742683,0.06580188724236234,0.061751858019637895,0.00012539406961269161,0.00013447130965119864,4.159571416115487e-06,3.2399999999999997e-10,2.9159999999999994e-09,1.6199999999999998e-10,3.6449999999999993e-10,1.3333333333333335e-08,1.3333333333333335e-08
0.124,0.133,0.006,0.2502217476107179,1.5801374326764528,2.4118649973630566,6.259836882340612,0.01,0.017,0.008,0.011,0.0025,0.0037,0.0047,7800.0,0.07833316362280374,0.19770880732863025,0.05969348651300586,0.00010368423863506956,0.0003080887728152592,4.152526639634038e-06,4.266666666666667e-10,6.666666666666668e-10,1.8855833333333333e-09,4.503583333333334e-09,1.3333333333333335e-08,1.3333333333333335e-08
0.124,0.133,0.006,0.2502217476107179,1.5801374326764528,2.4118649973630566,6.259836882340612,0.019,0.01,0.012,0.008,0.0042,0.0036,0.003,7800.0,0.22520785399632354,0.08397496575510383,0.061297300978589986,0.0003082675829581989,0.00012762294117097086,4.158759463600915e-06,2.736e-09,6.8589999999999996e-09,4.266666666666667e-10,6.666666666666668e-10,1.3333333333333335e-08,1.3333333333333335e-08
0.124,0.133,0.006,0.2502217476107179,1.5801374326764528,2.4118649973630566,6.259836882340612,0.009,0.011,0.007,0.007,0.0048,0.0037,0.0047,7800.0,0.061446966970029285,0.08086797557276469,0.05969348651300586,8.0763034405551e-05,0.00012331457032112859,4.152526639634038e-06,2.5725e-10,4.252499999999999e-10,3.144166666666667e-10,7.764166666666665e-10,1.3333333333333335e-08,1.3333333333333335e-08
0.124,0.133,0.006,0.2502217476107179,1.5801374326764528,2.4118649973630566,6.259836882340612,0.008,0.01,0.01,0.015,0.0032,0.004,0.0039,7800.0,0.07801490987101117,0.1573635636284828,0.06053643865381708,0.00010228411810125691,0.00023907969365615065,4.15645690399057e-06,6.666666666666668e-10,4.266666666666667e-10,2.8124999999999995e-09,1.2500000000000002e-09,1.3333333333333335e-08,1.3333333333333335e-08
0.124,0.133,0.006,0.2502217476107179,1.5801374326764528,2.4118649973630566,6.259836882340612,0.02,0.018,0.011,0.011,0.0042,0.0029,0.0036,7800.0,0.21712036441897198,0.20898443633909525,0.06081211340916958,0.00029731054071789603,0.00032484601914158843,4.1574276237228555e-06,2.218333333333333e-09,7.333333333333334e-09,1.9964999999999995e-09,5.345999999999998e-09,1.3333333333333335e-08,1.3333333333333335e-08
0.111,0.212,0.079,0.2502615072655407,1.522833584293795,2.243438438165,6.036096686288327,0.013,0.009,0.005,0.015,0.0038,0.0043,0.0045,7800.0,0.05732168670069355,0.22430931999254797,0.05991892720182747,6.205496739587678e-05,0.0008507721779523022,4.153719784479627e-06,1.354166666666667e-10,9.154166666666667e-10,2.5312499999999995e-09,9.112499999999997e-10,1.3333333333333335e-08,1.3333333333333335e-08
0.111,0.212,0.079,0.2502615072655407,1.522833584293795,2.243438438165,6.036096686288327,0.007,0.02,0.01,0.006,0.0024,0.0022,0.0033,7800.0,0.061212432798503,0.2004278181464407,0.06106573418409388,6.442836024014571e-05,0.0007727082477292542,4.158183730658098e-06,5.833333333333335e-10,2.858333333333334e-10,3.6e-10,4e-09,1.3333333333333335e-08,1.3333333333333335e-08
0.111,0.212,0.079,0.2502615072655407,1.522833584293795,2.243438438165,6.036096686288327,0.006,0.012,0.018,0.011,0.0025,0.005,0.0037,7800.0,0.0932194655580937,0.2201467506859895,0.06072267226632187,9.587923566558478e-05,0.0008423002073548085,4.157129672915744e-06,2.9159999999999994e-09,3.2399999999999997e-10,1.3309999999999998e-09,1.5840000000000001e-09,1.3333333333333335e-08,1.3333333333333335e-08
0.111,0.212,0.079,0.2502615072655407,1.522833584293795,2.243438438165,6.036096686288327,0.013,0.011,0.008,0.005,0.0024,0.0033,0.0028,7800.0,0.0915391227241566,0.09168274020358307,0.06143942663023839,9.855005639688847e-05,0.0003500306720692323,4.159058638097635e-06,5.546666666666667e-10,1.4646666666666666e-09,1.1458333333333334e-10,5.545833333333333e-10,1.3333333333333335e-08,1.3333333333333335e-08
0.111,0.212,0.079,0.2502615072655407,1.522833584293795,2.243438438165,6.036096686288327,0.015,0.012,0.007,0.012,0.0043,0.0026,0.0047,7800.0,0.09265176082203211,0.24009722221548807,0.05969348651300586,0.00010076124785287633,0.0009178910207378941,4.152526639634038e-06,4.2875000000000004e-10,1.96875e-09,1.728e-09,1.728e-09,1.3333333333333335e-08,1.3333333333333335e-08
0.122,0.147,0.017,0.25013198507454176,1.5571869686249737,2.3938300189300983,6.219946138650888,0.02,0.013,0.019,0.015,0.0043,0.0046,0.0046,7800.0,0.37018269829011535,0.22669474811782728,0.05980743207855156,0.0004947174488532227,0.00042384533477430415,4.15314265784777e-06,1.1431666666666665e-08,1.2666666666666668e-08,3.656249999999999e-09,2.74625e-09,1.3333333333333335e-08,1.3333333333333335e-08
0.122,0.147,0.017,0.25013198507454176,1.5571869686249737,2.3938300189300983,6.219946138650888,0.014,0.012,0.008,0.018,0.0028,0.0026,0.0037,7800.0,0.10822239085721838,0.25071770050121645,0.06072267226632187,0.0001402827050424726,0.00046615397345188905,4.157129672915744e-06,5.973333333333334e-10,1.8293333333333336e-09,5.831999999999999e-09,2.5919999999999997e-09,1.3333333333333335e-08,1.3333333333333335e-08
0.122,0.147,0.017,0.25013198507454176,1.5571869686249737,2.3938300189300983,6.219946138650888,0.02,0.007,0.016,0.008,0.0031,0.0047,0.0042,7800.0,0.31113923920189357,0.06420623857241688,0.060238709918036364,0.00041405355407689445,0.00011619757077404508,4.155234355369271e-06,6.826666666666667e-09,1.066666666666667e-08,2.986666666666667e-10,2.286666666666667e-10,1.3333333333333335e-08,1.3333333333333335e-08
0.122,0.147,0.017,0.25013198507454176,1.5571869686249737,2.3938300189300983,6.219946138650888,0.016,0.016,0.007,0.016,0.0041,0.0021,0.0032,7800.0,0.10837738826310978,0.2973851608298972,0.061145373557862384,0.00014150507197807774,0.0005563168747736173,4.158394078154065e-06,4.573333333333334e-10,2.3893333333333338e-09,5.461333333333334e-09,5.461333333333334e-09,1.3333333333333335e-08,1.3333333333333335e-08
0.122,0.147,0.017,0.25013198507454176,1.5571869686249737,2.3938300189300983,6.219946138650888,0.012,0.013,0.019,0.005,0.0031,0.0042,0.0022,7800.0,0.22028416878702756,0.07546282572218618,0.061806992970708394,0.0002848965982384551,0.00014054486494973278,4.159641230747279e-06,6.8589999999999996e-09,2.736e-09,1.354166666666667e-10,9.154166666666667e-10,1.3333333333333335e-08,1.3333333333333335e-08
0.114,0.153,0.036,0.24956190201916834,1.990809761495248,1.965587446494658,6.147941939199999,0.016,0.009,0.005,0.012,0.0042,0.0043,0.0035,7800.0,0.07268131900990157,0.1299127621387904,0.06089910410974749,8.395796187927898e-05,0.00025882439996555465,4.157701753168051e-06,1.666666666666667e-10,1.7066666666666668e-09,1.2959999999999999e-09,7.289999999999999e-10,1.3333333333333335e-08,1.3333333333333335e-08
0.114,0.153,0.036,0.24956190201916834,1.990809761495248,1.965587446494658,6.147941939199999,0.009,0.012,0.014,0.006,0.0023,0.0021,0.003,7800.0,0.11336943484940289,0.08686397353742972,0.061297300978589986,0.00012656760492307025,0.0001743081434789401,4.158759463600915e-06,2.058e-09,8.504999999999998e-10,2.16e-10,8.64e-10,1.3333333333333335e-08,1.3333333333333335e-08
0.114,0.153,0.036,0.24956190201916834,1.990809761495248,1.965587446494658,6.147941939199999,0.005,0.01,0.019,0.005,0.0024,0.0036,0.0045,7800.0,0.0845180667336938,0.06023226015274926,0.05991892720182747,9.202640609175483e-05,0.00012045441758981963,4.153719784479627e-06,2.8579166666666663e-09,1.9791666666666668e-10,1.0416666666666668e-10,4.1666666666666673e-10,1.3333333333333335e-08,1.3333333333333335e-08
0.114,0.153,0.036,0.24956190201916834,1.990809761495248,1.965587446494658,6.147941939199999,0.01,0.011,0.009,0.019,0.0024,0.0049,0.0023,7800.0,0.08094893250663118,0.25187891697100584,0.061751858019637895,9.06869239843116e-05,0.0005045390085807548,4.159571416115487e-06,6.074999999999999e-10,7.500000000000001e-10,6.287416666666666e-09,2.1074166666666664e-09,1.3333333333333335e-08,1.3333333333333335e-08
0.114,0.153,0.036,0.24956190201916834,1.990809761495248,1.965587446494658,6.147941939199999,0.007,0.009,0.013,0.016,0.002,0.0035,0.0043,7800.0,0.08157501017626186,0.17321701618505386,0.06013456612156987,9.028940212561602e-05,0.0003450991999540728,4.1547640159484796e-06,1.2815833333333331e-09,3.7158333333333337e-10,3.0719999999999997e-09,9.719999999999997e-10,1.3333333333333335e-08,1.3333333333333335e-08
